Workbook
Name _Fill: #REF!
Name _Fill: #REF!
Name _Fill: #REF!
Name _Key1: #REF!
Name _Key1: #REF!
Name _Key1: #REF!
Name _Key2: #REF!
Name _Key2: #REF!
Name _Key2: #REF!
Name _Order1: 255
Name _Order2: 255
Name _Sort: #REF!
Name _Sort: #REF!
Name _Sort: #REF!
Name A: #REF!
Name A: #REF!
Name A.18: #REF!
Name A.18: #REF!
Name A.18_74: '[1]DAFTAR ANALYSA'!#REF!
Name A.18_74: '[1]DAFTAR ANALYSA'!#REF!
Name A.18_76: #REF!
Name A.18_76: #REF!
Name A.18_76_86: '[2]TEMBUS TPI ok Dokumen'!#REF!
Name A.18_76_86: '[2]TEMBUS TPI ok Dokumen'!#REF!
Name A.18_77: #REF!
Name A.18_77: #REF!
Name A.18_78: #REF!
Name A.18_78: #REF!
Name A.18_78_89: '[2]BJNGBTAT_PADURKSA ok _2_'!#REF!
Name A.18_78_89: '[2]BJNGBTAT_PADURKSA ok _2_'!#REF!
Name A.18_79: #REF!
Name A.18_79: #REF!
Name A.18_79_122: '[2]SULAWESI _2_'!#REF!
Name A.18_79_122: '[2]SULAWESI _2_'!#REF!
Name A.18_79_91: '[2]MENUR ok Dokumen'!#REF!
Name A.18_79_91: '[2]MENUR ok Dokumen'!#REF!
Name A.18_79_92: [2]SULAWESI!#REF!
Name A.18_79_92: [2]SULAWESI!#REF!
Name A.18_79_93: '[2]SULAWESI Dokumen'!#REF!
Name A.18_79_93: '[2]SULAWESI Dokumen'!#REF!
Name A.18_80: #REF!
Name A.18_80: #REF!
Name A.18_81: #REF!
Name A.18_81: #REF!
Name A.18_81_96: '[2]KOTA COMAL _Dokumen_'!#REF!
Name A.18_81_96: '[2]KOTA COMAL _Dokumen_'!#REF!
Name A.18_82: #REF!
Name A.18_82: #REF!
Name A.18_82_98: '[2]LING KOTA COMAL _Dokumen_'!#REF!
Name A.18_82_98: '[2]LING KOTA COMAL _Dokumen_'!#REF!
Name A.18_83: #REF!
Name A.18_83: #REF!
Name A.18_83_100: '[2]TERMINAL COMAL _Dokumen_'!#REF!
Name A.18_83_100: '[2]TERMINAL COMAL _Dokumen_'!#REF!
Name A.18_84: #REF!
Name A.18_84: #REF!
Name A.18_84_102: '[2]AMBOKULON_BLENDUNG _Dokumen_'!#REF!
Name A.18_84_102: '[2]AMBOKULON_BLENDUNG _Dokumen_'!#REF!
Name A.18_85: #REF!
Name A.18_85: #REF!

Sheet ISIAN DATA
A2: No : 400.12.3.1/003/VII/2026
B6: Nama Kepala Keluarga | E6: BUDIANTO
B7: Nomor Kartu Keluarga | E7: 3327042311210005
B9: BAYI/ANAK
B11: 1. | C11: Nama | E11: KHALIFA SYAKILA RAMADHANI
B12: 2. | C12: Jenis Kelamin | E12: 2
B13: 3. | C13: Tempat dilahirkan
B14: 4. | C14: Tempat Kelahiran | E14: PEMALANG
B15: 5. | C15: Hari dan Tanggal lahir | F15: TGL | G15: BLN | H15: THN | I15: UMUR
B16: 6. | C16: Pukul | E16: 0900 | F16: 03 | G16: 04 | H16: 2022 | I16: =IF(H16="","", YEAR(TODAY())-H16) -> 4
B17: 7. | C17: Jenis Kelahiran/ TANGGAL | I17: =IF(H17="","", YEAR(TODAY())-H17)
B18: 8. | C18: Kelahiran Ke | E18: 1 | I18: =IF(H18="","", YEAR(TODAY())-H18)
B19: 9. | C19: Penolong Kelahiran | I19: =IF(H19="","", YEAR(TODAY())-H19)
B20: 10. | C20: Berat Bayi | E20: 3000 | I20: =IF(H20="","", YEAR(TODAY())-H20)
B21: 11. | C21: Panjang Bayi | E21: 48 | I21: =IF(H21="","", YEAR(TODAY())-H21)
I22: =IF(H22="","", YEAR(TODAY())-H22)
B23: IBU | I23: =IF(H23="","", YEAR(TODAY())-H23)
B24: 1. | C24: NIK | E24: 3327047103960002 | I24: =IF(H24="","", YEAR(TODAY())-H24)
B25: 2. | C25: Nama Lengkap | E25: KHAFSOH | F25: TGL | G25: BLN | H25: THN | I25: UMUR
B26: 3. | C26: Tanggal lahir/Umur | F26: 31 | G26: 03 | H26: 1996 | I26: =IF(H26="","", YEAR(TODAY())-H26) -> 30
B27: 4. | C27: Pekerjaan | E27: 01 | I27: =IF(H27="","", YEAR(TODAY())-H27)
B28: 5. | C28: Alamat | E28: RT 004 / 004 DESA TAMBI | I28: =IF(H28="","", YEAR(TODAY())-H28)
I29: =IF(H29="","", YEAR(TODAY())-H29)
I30: =IF(H30="","", YEAR(TODAY())-H30)
B31: 6. | C31: Kewarganegaraan | I31: =IF(H31="","", YEAR(TODAY())-H31)
B32: 7. | C32: Kebangsaan | E32: INDONESIA | I32: =IF(H32="","", YEAR(TODAY())-H32)
B33: 8. | C33: Tgl.Pencatatan Perkawinan | F33: TGL | G33: BLN | H33: THN | I33: UMUR
F34: 10 | G34: 08 | H34: 2020 | I34: =IF(H34="","", YEAR(TODAY())-H34) -> 6
B35: AYAH | I35: =IF(H35="","", YEAR(TODAY())-H35)
B36: 1. | C36: NIK | E36: 3327042511940003 | I36: =IF(H36="","", YEAR(TODAY())-H36)
B37: 2. | C37: Nama Lengkap | E37: BUDIANTO | I37: =IF(H37="","", YEAR(TODAY())-H37)
B38: 3. | C38: Tanggal lahir/Umur | F38: TGL | G38: BLN | H38: THN | I38: UMUR
B39: 4. | C39: Pekerjaan | E39: 09 | F39: 25 | G39: 11 | H39: 1994 | I39: =IF(H39="","", YEAR(TODAY())-H39) -> 32
B40: 5. | C40: Alamat | E40: RT 004 / 004 DESA TAMBI | I40: =IF(H40="","", YEAR(TODAY())-H40)
B43: 6. | C43: Kewarganegaraan
B44: 7. | C44: Kebangsaan | E44: INDONESIA
B46: PELAPOR
B47: 1. | C47: NIK | E47: 3327042511940003
B48: 2. | C48: Nama Lengkap | E48: BUDIANTO
B49: 3. | C49: Umur | E49: 32
B50: 4. | C50: Jens Kelamin | E50: 04
B51: 5. | C51: Pekerjaan | E51: 09
B52: 6. | C52: Alamat | E52: RT 004 / 004 DESA TAMBI
B56: SAKSI I
B57: 1. | C57: NIK | E57: 3327042110890001
B58: 2. | C58: Nama Lengkap | E58: CHALIM MUCHTAROM
B59: 3. | C59: Umur | E59: 35
B60: 4. | C60: Pekerjaan
B61: 5. | C61: Alamat | E61: RT 002/001 DESA TAMBI
B65: SAKSI II
B66: 1. | C66: NIK | E66: 3327040704710003
B67: 2. | C67: Nama Lengkap | E67: WAHURI
B68: 3. | C68: Umur | E68: 54
B69: 4. | C69: Pekerjaan
B70: 5. | C70: Alamat
B72: 1 | C72: Tanggal surat | E72: Tambi, 16 Juli 2026

Sheet kwiTANSI
A1: Program Percepatan Pembanguan Desa | K1: Form. 5.a
A4: PROGRAM PERCEPATAN PEMBANGUNAN DESA
A5: TAHUN ANGGARAN 2013
A7: KUITANSI
A10: Telah terima dari | C10: : | D10: Ketua Kelompok Masyarakat Swakelola Desa Tambi
D11: Kecamatan Watukumpul, Kabuapaten Pemalang
A13: Uang sebesar | C13: : | D13: Rp. | E13: 150000
A16: Terbilang | C16: : | D16: Seratus limapuluh ribu rupiah.
A19: Untuk keperluan | C19: : | D19: Pembayaran Papan Nama Proyek
D23: Lokasi = Desa atambi
D24: No DO = ……………………….
D25: Volume = 1 Unit.
D29: Dalam rangka pelaksanaan Program Percepatan Pembangunan Desa
D30: Desa Tambi Kecamatan Watukumpul
A32: Jenis Pekerjaan | C32: : | D32: Pengaspalan Jalan
J36: Tambi,29 Mei 2015
B37: Yang Membayar | I37: Yang Menerima
B38: Bendahara Pokmas
B42: JULI SANTOSO | I42: M.JEFRI
F44: Mengetahui
B45: Ketua Pokmas | I45: Checker
B50: SUNARYA | I50: RUSDI

Sheet PAPAN PROYEK
Q2: 100
H6: PEMERINTAH KABUPATEN PEMALANG
H7: KECAMATAN …………………..
H8: DESA …………………..
H9: PROGRAM PERCEPATAN PEMBANGUNAN DESA TAHUN 2013
F11: JENIS PEKERJAAN | O11: : | P11: PERKERASAN TELFORD : 1.734 X 2.5 M
F12: SUB PEKERJAAN | O12: : | P12: REHAB JEMBATAN BETON : 4 X 6 M (1 UNIT)
O13: : | P13: GORONG-GORONG PLAT : 1 X 6 M (1 UNIT)
O14: : | P14: TALUD JALAN : 168 M
F15: LOKASI | O15: : | P15: DUSUN……….RT…../RW…………
F16: ALOKASI DANA APBD | O16: : | P16: BELANJA KONSTRUKSI | Z16: Rp. | AB16: ='[13]RekapRAB '!Q24 -> 259102000 | AJ16: 80
P17: OP. Perencanaan | Z17: Rp. | AB17: =AB16*1/100 -> 2591020
P18: OP. Pelaksnaaan | Z18: Rp. | AB18: =AB17*2 -> 5182040
P19: OP. Pengawasan | Z19: Rp. | AB19: =AB17 -> 2591020
F20: SWADAYA MASYARAKAT | O20: : | Z20: Rp. | AB20: ='[13]RekapRAB '!R24 -> 12000000
P21: TOTAL BIAYA | Z21: Rp. | AB21: =SUM(AB16:AB20) -> 281466080
F22: PELAKSANA | O22: : | P22: KELOMPOK MASYARAKAT SWAKELOLA
F23: WAKTU PELAKSANAAN | O23: : | P23: APRIL- AGUSTUS 2013 ( 150 HARI KALENDER )
P26: PAPAN PROYEK | AM26: KETENTUAN PAPAN KEGIATAN
AM27: 1. Papan media terbuat dari papan dengan ukuran jadi 80x100 cm
AM28: 2. Papan media diberi rangka kayu reng 2/3
AM29: 3. Bahan MMT cetak
AM30: 4. Warna dasar papan media dan tiang putih, tulisan warna hitam.
E31: 300 | AM31: 5. Tiang ukuran 5/7-300 cm (termasuk yang di tanam).

Sheet form 3 RPD
A1: Program Percepatan Pembanguan Desa
A3: RENCANA PENGGUNAAN DANA
D4: Tahap ….. ( …... %)
A5: Desa :
A6: Kecamatan :
A7: Kabupaten :
A8: No. | B8: Uraian | C8: Volume | H8: Harga
C9: Kebutuhan | D9: Realisasi s/d | E9: Pengajuan | F9: Jumlah | G9: Unit/ | H9: Satuan | I9: Jumlah
D10: tahap lalu | E10: sekarang | F10: Kumulatif | G10: Satuan | H10: Rp. | I10: Rp.
E36: Total Pengajuan | H36: Rp.
B37: ( ............................................................................................................................................)
G39: .........., | H39: ......201...
B40: Disetujui | G40: Dibuat oleh
B41: Kepala Desa | F41: Ketua Pokmas Desa .........
B45: ( ____________ ) | G45: ( _____________ )
D47: Mengetahui
B48: PPKom | G48: PPTK
B52: ( _________________ ) | G52: ( _____________ )
E54: Camat ……………
E57: ( )

Sheet Form.N-1
F2: Lampiran PMA:No.11 Tahun 2007 | P2: Lampiran PMA:No.11 Tahun 2007
G3: -Pasal 5 ayat (2) huruf a | Q3: -Pasal 5 ayat (2) huruf a
G4: Model N-1 | Q4: Model N-1
B6: KANTOR DESA/KELURAHAN | D6: : | E6: TAMBI | L6: KANTOR DESA/KELURAHAN | N6: : | O6: TAMBI
B7: KECAMATAN | D7: : | E7: WATUKUMPUL | L7: KECAMATAN | N7: : | O7: WATUKUMPUL
B8: KABUPATEN/KOTA | D8: : | E8: PEMALANG | L8: KABUPATEN/KOTA | N8: : | O8: PEMALANG
B11: SURAT KETERANGAN UNTUK NIKAH | L11: SURAT KETERANGAN UNTUK NIKAH
B12: Nomor:474.2/ 235 /XI / 2017 | L12: Nomor:474.2/ / / 2017
B14: Yang bertanda tangan dibawah ini menerangkan dengan sesungguhnya bahwa: | L14: Yang bertanda tangan dibawah ini menerangkan dengan sesungguhnya bahwa:
B16: 1. | C16: Nama lengkap dan alias | D16: : | E16: AMAR MA'RUF | L16: 1. | M16: Nama lengkap dan alias | N16: : | O16: ..............................................................
B17: 2. | C17: Jenis Kelamin | D17: : | E17: Laki-laki | L17: 2. | M17: Jenis Kelamin | N17: : | O17: ..............................................................
B18: 3. | C18: Tempat dan tanggal lahir | D18: : | E18: Pemalang,06 Mei 1988 | L18: 3. | M18: Tempat dan tanggal lahir | N18: : | O18: ..............................................................
B19: 4. | C19: Warganegara | D19: : | E19: Indonesia | L19: 4. | M19: Warganegara | N19: : | O19: Indonesia
B20: 5. | C20: Agama | D20: : | E20: Islam | L20: 5. | M20: Agama | N20: : | O20: Islam
B21: 6. | C21: Pekerjaan | D21: : | E21: Wiraswasta | L21: 6. | M21: Pekerjaan | N21: : | O21: ..............................................................
B22: 7. | C22: Tempat tinggal | D22: : | E22: Desa Tambi RT.006 RW.001 | L22: 7. | M22: Tempat tinggal | N22: : | O22: Desa Tambi RT.00 RW.00
B23: 8. | C23: Bin / Binti | D23: : | E23: TAMIARJA | L23: 8. | M23: Bin / Binti | N23: : | O23: ..............................................................
B24: 9. | C24: Status Perkawinan | D24: : | L24: 9. | M24: Status Perkawinan | N24: : | O24: ..............................................................
C25: a. Jika pria,terangkan jejaka, | M25: a. Jika pria,terangkan jejaka,
C26: duda atau beristri dan | M26: duda atau beristri dan
C27: berapa istrinya | D27: : | E27: JEJAKA | M27: berapa istrinya | N27: : | O27: ..............................................................
C29: b. Jika wanita terangkan | M29: b. Jika wanita terangkan
C30: perawan atau janda | D30: : | E30: .............................................................. | M30: perawan atau janda | N30: : | O30: ..............................................................
B32: 10. | C32: Nama Istri/Suami terdahulu | D32: : | E32: .............................................................. | L32: 10. | M32: Nama Istri/Suami terdahulu | N32: : | O32: ..............................................................
C34: Demikianlah,surat keterangan inii dibuat dengan mengingat sumpah jabatan dan | M34: Demikianlah,surat keterangan inii dibuat dengan mengingat sumpah jabatan dan
B35: untuk digunakan seperlunya. | L35: untuk digunakan seperlunya.
F37: Tambi,Nopember 2017 | P37: Tambi,...........................2017
F39: Kepala Desa/Lurah Tambi | P39: Kepala Desa/Lurah Tambi
F43: S O B I Y A H | P43: S O B I Y A H
P47: Lampiran PMA:No.11 Tahun 2007
Q48: -Pasal 5 ayat (2) huruf a
Q49: Model N-1
L51: KANTOR DESA/KELURAHAN | N51: : | O51: TAMBI
L52: KECAMATAN | N52: : | O52: WATUKUMPUL
L53: KABUPATEN/KOTA | N53: : | O53: PEMALANG
L56: SURAT KETERANGAN UNTUK NIKAH
L57: Nomor:474.2/ 36 / III / 2017
L59: Yang bertanda tangan dibawah ini menerangkan dengan sesungguhnya bahwa:
L61: 1. | M61: Nama lengkap dan alias | N61: : | O61: TATI SUNDARI
L62: 2. | M62: Jenis Kelamin | N62: : | O62: Perempuan
L63: 3. | M63: Tempat dan tanggal lahir | N63: : | O63: Pemalang,12 desember 1980
L64: 4. | M64: Warganegara | N64: : | O64: Indonesia
L65: 5. | M65: Agama | N65: : | O65: Islam
L66: 6. | M66: Pekerjaan | N66: : | O66: Buruh Tani/Mengurus Rumah Tangga
L67: 7. | M67: Tempat tinggal | N67: : | O67: Desa Tambi RT.008 RW.002
L68: 8. | M68: Bin / Binti | N68: : | O68: MAKHDUM
L69: 9. | M69: Status Perkawinan | N69: : | O69: ..............................................................
M70: a. Jika pria,terangkan jejaka,
M71: duda atau beristri dan
M72: berapa istrinya | N72: : | O72: ..............................................................
M74: b. Jika wanita terangkan
M75: perawan atau janda | N75: : | O75: ..............................................................
L77: 10. | M77: Nama Istri/Suami terdahulu | N77: : | O77: ..............................................................
M79: Demikianlah,surat keterangan inii dibuat dengan mengingat sumpah jabatan dan
L80: untuk digunakan seperlunya.
F82: Lampiran PMA:No.11 Tahun 2007 | P82: Tambi,15 Maret 2017
G83: -Pasal 5 ayat (2) huruf a
G84: Model N- | P84: Kepala Desa/Lurah Tambi
B86: KANTOR DESA/KELURAHAN | D86: : | E86: TAMBI
B87: KECAMATAN | D87: : | E87: WATUKUMPUL
B88: KABUPATEN/KOTA | D88: : | E88: PEMALANG | P88: S O B I Y A H
B91: SURAT KETERANGAN JEJAKA
B92: Nomor:474.2/ 145 /VIII / 2017
B94: Yang bertanda tangan dibawah ini menerangkan dengan sesungguhnya bahwa:
B96: 1. | C96: Nama lengkap dan alias | D96: : | E96: DWI JOKO MUARA SABDA
B97: 2. | C97: Jenis Kelamin | D97: : | E97: Laki-laki
B98: 3. | C98: Tempat dan tanggal lahir | D98: : | E98: Pemalang,28 Agustus 1993
B99: 4. | C99: Warganegara | D99: : | E99: Indonesia
B100: 5. | C100: Agama | D100: : | E100: Islam
B101: 6. | C101: Pekerjaan | D101: : | E101: POLRI
B102: 7. | C102: Tempat tinggal | D102: : | E102: Desa Tambi RT.006 RW.001
B103: 8. | C103: Bin / Binti | D103: : | E103: SUTONO,BA
B104: 9. | C104: Status Perkawinan | D104: :
C105: a. Jika pria,terangkan jejaka,
C106: duda atau beristri dan
C107: berapa istrinya | D107: : | E107: JEJAKA
C109: b. Jika wanita terangkan
C110: perawan atau janda | D110: : | E110: ..............................................................
B112: 10. | C112: Nama Istri/Suami terdahulu | D112: : | E112: ..............................................................
C114: Demikianlah,surat keterangan inii dibuat dengan mengingat sumpah jabatan dan
B115: untuk digunakan seperlunya.
F117: Tambi,02 Agustus 2017
F119: Kepala Desa/Lurah Tambi
F123: S O B I Y A H
F152: Lampiran PMA:No.11 Tahun 2007
G153: -Pasal 5 ayat (2) huruf a
G154: Model N-1
B156: KANTOR DESA/KELURAHAN | D156: : | E156: TAMBI
B157: KECAMATAN | D157: : | E157: WATUKUMPUL
B158: KABUPATEN/KOTA | D158: : | E158: PEMALANG
B161: SURAT KETERANGAN UNTUK NIKAH
B162: Nomor:474.2/ 37 / III / 2017
B164: Yang bertanda tangan dibawah ini menerangkan dengan sesungguhnya bahwa:
B166: 1. | C166: Nama lengkap dan alias | D166: : | E166: RUAYAH
B167: 2. | C167: Jenis Kelamin | D167: : | E167: Perempuan
B168: 3. | C168: Tempat dan tanggal lahir | D168: : | E168: Pemalang,04 Oktober 1976
B169: 4. | C169: Warganegara | D169: : | E169: Indonesia
B170: 5. | C170: Agama | D170: : | E170: Islam
B171: 6. | C171: Pekerjaan | D171: : | E171: Mengurus Rumah Tangga
B172: 7. | C172: Tempat tinggal | D172: : | E172: Desa Tambi RT.009 RW.002
...

Sheet Form.N-2
F2: Lampiran PMA No.11 Tahun 2007 | P2: Lampiran PMA No.11 Tahun 2007
G3: -Pasal 5 ayat (2) huruf b | Q3: -Pasal 5 ayat (2) huruf b
G4: Model N- 2 | Q4: Model N- 2
B6: KANTOR DESA/KELURAHAN | D6: : | E6: TAMBI | L6: KANTOR DESA/KELURAHAN | N6: : | O6: TAMBI
B7: KECAMATAN | D7: : | E7: WATUKUMPUL | L7: KECAMATAN | N7: : | O7: WATUKUMPUL
B8: KABUPATEN/KOTA | D8: : | E8: PEMALANG | L8: KABUPATEN/KOTA | N8: : | O8: PEMALANG
B11: SURAT KETERANGAN UNTUK NIKAH | L11: SURAT KETERANGAN UNTUK NIKAH
B12: Nomor:474.2/ 235 / XI / 2017 | L12: Nomor:474.2/ / / 2017
B14: Yang bertanda tangan dibawah ini menerangkan dengan sesungguhnya bahwa: | L14: Yang bertanda tangan dibawah ini menerangkan dengan sesungguhnya bahwa:
B16: 1. | C16: Nama lengkap dan alias | D16: : | E16: AMAR MA'RUF | L16: 1. | M16: Nama lengkap dan alias | N16: : | O16: ..............................................................
B17: 2. | C17: Tempat dan tanggal lahir | D17: : | E17: ='Form.N-1'!E18 -> Pemalang,06 Mei 1988 | L17: 2. | M17: Tempat dan tanggal lahir | N17: : | O17: ..............................................................
B18: 3. | C18: Warganegara | D18: : | E18: Indonesia | L18: 3. | M18: Warganegara | N18: : | O18: Indonesia
B19: 4. | C19: Agama | D19: : | E19: Islam | L19: 4. | M19: Agama | N19: : | O19: Islam
B20: 5. | C20: Pekerjaan | D20: : | E20: Wiraswasta | L20: 5. | M20: Pekerjaan | N20: : | O20: ..............................................................
B21: 6. | C21: Tempat tinggal | D21: : | E21: Desa Tambi RT.006 RW.001 | L21: 6. | M21: Tempat tinggal | N21: : | O21: Desa Tambi RT.00 RW.00
B23: adalah benar anak kandung dari pernikahan seorang pria : | L23: adalah benar anak kandung dari pernikahan seorang pria :
B24: 1. | C24: Nama lengkap dan alias | D24: : | E24: TAMIARJA | L24: 1. | M24: Nama lengkap dan alias | N24: : | O24: ..............................................................
B25: 2. | C25: Tempat dan tanggal lahir | D25: : | E25: Pemalang,1 Juli 1958 | L25: 2. | M25: Tempat dan tanggal lahir | N25: : | O25: ..............................................................
B26: 3. | C26: Warganegara | D26: : | E26: Indonesia | L26: 3. | M26: Warganegara | N26: : | O26: Indonesia
B27: 4. | C27: Agama | D27: : | E27: Islam | L27: 4. | M27: Agama | N27: : | O27: Islam
B28: 5. | C28: Pekerjaan | D28: : | E28: Wiraswasta | L28: 5. | M28: Pekerjaan | N28: : | O28: ..............................................................
B29: 6. | C29: Tempat tinggal | D29: : | E29: Desa Tambi RT.006 RW.001 | L29: 6. | M29: Tempat tinggal | N29: : | O29: Desa Tambi RT.00 RW.00
B31: dengan seorang wanita: | L31: dengan seorang wanita:
B32: 1. | C32: Nama lengkap dan alias | D32: : | E32: SAMEAH | L32: 1. | M32: Nama lengkap dan alias | N32: : | O32: ..............................................................
B33: 2. | C33: Tempat dan tanggal lahir | D33: : | E33: Pemalang,1 Juli 1957 | L33: 2. | M33: Tempat dan tanggal lahir | N33: : | O33: ..............................................................
B34: 3. | C34: Warganegara | D34: : | E34: Indonesia | L34: 3. | M34: Warganegara | N34: : | O34: Indonesia
B35: 4. | C35: Agama | D35: : | E35: Islam | L35: 4. | M35: Agama | N35: : | O35: Islam
B36: 5. | C36: Pekerjaan | D36: : | E36: Mengurus Rumah Tangga | L36: 5. | M36: Pekerjaan | N36: : | O36: ..............................................................
B37: 6. | C37: Tempat tinggal | D37: : | E37: Desa Tambi RT.006 RW.001 | L37: 6. | M37: Tempat tinggal | N37: : | O37: Desa Tambi RT.00 RW.00
C39: Demikianlah,surat keterangan inii dibuat dengan mengingat sumpah jabatan dan | M39: Demikianlah,surat keterangan inii dibuat dengan mengingat sumpah jabatan dan
B40: untuk digunakan seperlunya. | L40: untuk digunakan seperlunya.
F42: Tambi, 28 Nopember 2017 | P42: Tambi,...........................20177
F44: Kepala Desa/Lurah Tambi | P44: Kepala Desa/Lurah Tambi
F48: S O B I Y A H | P48: S O B I Y A H
P52: Lampiran PMA No.11 Tahun 2007
Q53: -Pasal 5 ayat (2) huruf b
Q54: Model N- 2
L56: KANTOR DESA/KELURAHAN | N56: : | O56: TAMBI
L57: KECAMATAN | N57: : | O57: WATUKUMPUL
L58: KABUPATEN/KOTA | N58: : | O58: PEMALANG
L61: SURAT KETERANGAN UNTUK NIKAH
L62: Nomor:474.2/ / / 2017
L64: Yang bertanda tangan dibawah ini menerangkan dengan sesungguhnya bahwa:
L66: 1. | M66: Nama lengkap dan alias | N66: : | O66: ..............................................................
L67: 2. | M67: Tempat dan tanggal lahir | N67: : | O67: ..............................................................
M69: Demikianlah,surat keterangan inii dibuat dengan mengingat sumpah jabatan dan
F70: Lampiran PMA No.11 Tahun 2007 | L70: untuk digunakan seperlunya.
G71: -Pasal 5 ayat (2) huruf b
G72: Model N- 2 | P72: Tambi,...........................20177
B74: KANTOR DESA/KELURAHAN | D74: : | E74: TAMBI | P74: Kepala Desa/Lurah Tambi
B75: KECAMATAN | D75: : | E75: WATUKUMPUL
B76: KABUPATEN/KOTA | D76: : | E76: PEMALANG
P78: S O B I Y A H
B79: SURAT KETERANGAN ASAL USUL
B80: Nomor:474.2/ 235 / XI / 2017
B82: Yang bertanda tangan dibawah ini menerangkan dengan sesungguhnya bahwa:
B84: 1. | C84: Nama lengkap dan alias | D84: : | E84: AMAR MA'RUF
B85: 2. | C85: Tempat dan tanggal lahir | D85: : | E85: Pemalang,06 Mei 1988
B86: 3. | C86: Warganegara | D86: : | E86: Indonesia
B87: 4. | C87: Agama | D87: : | E87: Islam
B88: 5. | C88: Pekerjaan | D88: : | E88: Wiraswasta
B89: 6. | C89: Tempat tinggal | D89: : | E89: Desa Tambi RT.006 RW.001
B91: adalah benar anak kandung dari pernikahan seorang pria :
B92: 1. | C92: Nama lengkap dan alias | D92: : | E92: TAMIARJA
B93: 2. | C93: Tempat dan tanggal lahir | D93: : | E93: Pemalang,1 Juli 1958
B94: 3. | C94: Warganegara | D94: : | E94: Indonesia
B95: 4. | C95: Agama | D95: : | E95: Islam
B96: 5. | C96: Pekerjaan | D96: : | E96: Petani
B97: 6. | C97: Tempat tinggal | D97: : | E97: Desa Tambi RT.006 RW.001
B99: dengan seorang wanita:
B100: 1. | C100: Nama lengkap dan alias | D100: : | E100: SAMEAH
B101: 2. | C101: Tempat dan tanggal lahir | D101: : | E101: Pemalang,1 Juli 1957
B102: 3. | C102: Warganegara | D102: : | E102: Indonesia
B103: 4. | C103: Agama | D103: : | E103: Islam
B104: 5. | C104: Pekerjaan | D104: : | E104: Mengurus Rumah Tangga
B105: 6. | C105: Tempat tinggal | D105: : | E105: Desa Tambi RT.006 RW.001
C107: Demikianlah,surat keterangan inii dibuat dengan mengingat sumpah jabatan dan
B108: untuk digunakan seperlunya.
F110: Tambi, 28 Nopember 2017
F112: Kepala Desa/Lurah Tambi
F116: S O B I Y A H
F151: Lampiran PMA No.11 Tahun 2007
G152: -Pasal 5 ayat (2) huruf b
G153: Model N- 2
B155: KANTOR DESA/KELURAHAN | D155: : | E155: TAMBI
B156: KECAMATAN | D156: : | E156: WATUKUMPUL
B157: KABUPATEN/KOTA | D157: : | E157: PEMALANG
B160: SURAT KETERANGAN ASAL USUL
B161: Nomor:474.2/ 37 / III / 2017
B163: Yang bertanda tangan dibawah ini menerangkan dengan sesungguhnya bahwa:
B165: 1. | C165: Nama lengkap dan alias | D165: : | E165: RUAYAH
B166: 2. | C166: Tempat dan tanggal lahir | D166: : | E166: Pemalang,04 Oktober 1976
B167: 3. | C167: Warganegara | D167: : | E167: Indonesia
B168: 4. | C168: Agama | D168: : | E168: Islam
B169: 5. | C169: Pekerjaan | D169: : | E169: Mengurus Rumah Tangga
B170: 6. | C170: Tempat tinggal | D170: : | E170: Desa Tambi RT.009 RW.002
B172: adalah benar anak kandung dari pernikahan seorang pria :
B173: 1. | C173: Nama lengkap dan alias | D173: : | E173: JADI (Almarhum)
B174: 2. | C174: Tempat dan tanggal lahir | D174: : | E174: Pemalang,04 Mei 1952
B175: 3. | C175: Warganegara | D175: : | E175: Indonesia
...

Sheet Form. N-3
G2: Lampiran PMA No.11 Tahun 2007 | R2: Lampiran PMA No.11 Tahun 2007
H3: -Pasal 5 ayat (2) huruf c | S3: -Pasal 5 ayat (2) huruf c
H4: Model N- 3 | S4: Model N- 3
C6: SURAT PERSETUJUAN MEMPELAI | N6: SURAT PERSETUJUAN MEMPELAI
B9: Yang bertanda tangan dibawah ini: | M9: Yang bertanda tangan dibawah ini:
B10: I. | C10: Calon Suami: | M10: I. | N10: Calon Suami:
C11: 1. | D11: Nama lengkap dan alias | E11: : | F11: AMAR MA'RUF | N11: 1. | O11: Nama lengkap dan alias | P11: : | Q11: ..............................................................
C12: 2. | D12: Bin | F12: TAMIARJA | N12: 2. | O12: Bin
C13: 3. | D13: Tempat dan tanggal lahir | E13: : | F13: Pemalang,06 Mei 1988 | N13: 3. | O13: Tempat dan tanggal lahir | P13: : | Q13: ..............................................................
C14: 4. | D14: Warganegara | E14: : | F14: Indonesia | N14: 4. | O14: Warganegara | P14: : | Q14: Indonesia
C15: 5. | D15: Agama | E15: : | F15: Islam | N15: 5. | O15: Agama | P15: : | Q15: Islam
C16: 6. | D16: Pekerjaan | E16: : | F16: Wiraswasta | N16: 6. | O16: Pekerjaan | P16: : | Q16: ..............................................................
C17: 7. | D17: Tempat tinggal | E17: : | F17: Desa Tambi RT.006 RW.001 Kec,Watukumpul | N17: 7. | O17: Tempat tinggal | P17: : | Q17: Desa Tambi RT.00 RW.00
B19: I. | C19: Calon Istri: | M19: I. | N19: Calon Istri:
C20: 1. | D20: Nama lengkap dan alias | E20: : | F20: INDRA RUKMANA SARI | N20: 1. | O20: Nama lengkap dan alias | P20: : | Q20: ..............................................................
C21: 2. | D21: Bin | F21: H.SURAJI MARSONO | N21: 2. | O21: Bin
C22: 3. | D22: Tempat dan tanggal lahir | E22: : | F22: Beo,16 Nopember 1993 | N22: 3. | O22: Tempat dan tanggal lahir | P22: : | Q22: ..............................................................
C23: 4. | D23: Warganegara | E23: : | F23: Indonesia | N23: 4. | O23: Warganegara | P23: : | Q23: Indonesia
C24: 5. | D24: Agama | E24: : | F24: Islam | N24: 5. | O24: Agama | P24: : | Q24: Islam
C25: 6. | D25: Pekerjaan | E25: : | N25: 6. | O25: Pekerjaan | P25: : | Q25: ..............................................................
C26: 7. | D26: Tempat tinggal | E26: : | F26: Lingkungan 4, Kelurahan Beo Induk, Kecamatan Beo | N26: 7. | O26: Tempat tinggal | P26: : | Q26: Desa Tambi RT.00 RW.00
F27: Kabupaten Talaud, Prov.Sulawesi Utara
C29: Menyatakan dengan sesungguhnya bahwa atas dasar sekarela,dengan kesadaran sendiri,tanpa | N29: Menyatakan dengan sesungguhnya bahwa atas dasar sekarela,dengan kesadaran sendiri,tanpa
C30: paksaan dari siapapun juga,ssetuju untuk melangsungkan pernikahan. | N30: paksaan dari siapapun juga,ssetuju untuk melangsungkan pernikahan.
C31: Demikianlah,surat persetujuan ini di buat untuk digunakan seperlunya. | N31: Demikianlah,surat persetujuan ini di buat untuk digunakan seperlunya.
G33: Tambi,28 Nopember 2017 | R33: Tambi,...........................2017
C35: I. | D35: Calon Suami | G35: II. Calon Istri | N35: I. | O35: Calon Suami | R35: II. Calon Istri
D39: AMAR MA'RUF | G39: INDRA RUKMANA SARI | O39: (..................................................) | R39: (..................................................)
G84: Lampiran PMA No.11 Tahun 2007
H85: -Pasal 5 ayat (2) huruf c
H86: Model N- 3
C88: SURAT PERSETUJUAN MEMPELAI
B91: Yang bertanda tangan dibawah ini:
B92: I. | C92: Calon Suami:
C93: 1. | D93: Nama lengkap dan alias | E93: : | F93: TARSIMUN
C94: 2. | D94: Bin | F94: YASROWI
C95: 3. | D95: Tempat dan tanggal lahir | E95: : | F95: Purbalingga,13 Agustus 1973
C96: 4. | D96: Warganegara | E96: : | F96: Indonesia
C97: 5. | D97: Agama | E97: : | F97: Islam
C98: 6. | D98: Pekerjaan | E98: : | F98: Karyawan Swasta
C99: 7. | D99: Tempat tinggal | E99: : | F99: Desa Tlagayasa RT.002 RW.006 Kec,Bobotsari
B101: I. | C101: Calon Istri:
C102: 1. | D102: Nama lengkap dan alias | E102: : | F102: TATI SUNDARI
C103: 2. | D103: Bin | F103: MAKHDUM
C104: 3. | D104: Tempat dan tanggal lahir | E104: : | F104: Pemalang ,12 Desember 1980
C105: 4. | D105: Warganegara | E105: : | F105: Indonesia
C106: 5. | D106: Agama | E106: : | F106: Islam
C107: 6. | D107: Pekerjaan | E107: : | F107: Buruh Tani
C108: 7. | D108: Tempat tinggal | E108: : | F108: Desa Tambi RT.008 RW.002 Kec.Watukumpul
C110: Menyatakan dengan sesungguhnya bahwa atas dasar sekarela,dengan kesadaran sendiri,tanpa
C111: paksaan dari siapapun juga,ssetuju untuk melangsungkan pernikahan.
C112: Demikianlah,surat persetujuan ini di buat untuk digunakan seperlunya.
G114: Tambi,15 Maret 2017
C116: I. | D116: Calon Suami | G116: II. Calon Istri
D120: TARSIMUN | G120: TATI SUNDARI
G164: Lampiran PMA No.11 Tahun 2007
H165: -Pasal 5 ayat (2) huruf c
H166: Model N- 3
C168: SURAT PERSETUJUAN MEMPELAI
B171: Yang bertanda tangan dibawah ini:
B172: I. | C172: Calon Suami:
C173: 1. | D173: Nama lengkap dan alias | E173: : | F173: SARNO
C174: 2. | D174: Bin | F174: WARTANI
C175: 3. | D175: Tempat dan tanggal lahir | E175: : | F175: Pemalang,31 Desember 1970
C176: 4. | D176: Warganegara | E176: : | F176: Indonesia
C177: 5. | D177: Agama | E177: : | F177: Islam
C178: 6. | D178: Pekerjaan | E178: : | F178: Tani
C179: 7. | D179: Tempat tinggal | E179: : | F179: Desa Beluk RT 10/RW 03 Kec.Belik Kab.Pemalang
B181: I. | C181: Calon Istri:
C182: 1. | D182: Nama lengkap dan alias | E182: : | F182: RUAYAH
C183: 2. | D183: Bin | F183: JADI (Almarhum)
C184: 3. | D184: Tempat dan tanggal lahir | E184: : | F184: Pemalang ,04 Oktober 1976
C185: 4. | D185: Warganegara | E185: : | F185: Indonesia
C186: 5. | D186: Agama | E186: : | F186: Islam
C187: 6. | D187: Pekerjaan | E187: : | F187: Mengurus Rumah Tangga
C188: 7. | D188: Tempat tinggal | E188: : | F188: Desa Tambi RT.009 RW.002
C190: Menyatakan dengan sesungguhnya bahwa atas dasar sekarela,dengan kesadaran sendiri,tanpa
C191: paksaan dari siapapun juga,ssetuju untuk melangsungkan pernikahan.
C192: Demikianlah,surat persetujuan ini di buat untuk digunakan seperlunya.
G194: Tambi,22 Maret 2017
C196: I. | D196: Calon Suami | G196: II. Calon Istri
D200: SARNO | G200: RUAYAH

Sheet Form.N - 4
R6: Lampiran PMA No.11 Tahun 2007
A7: PEMERINTAH KABUPATEN PEMALANG | S7: -Pasal 5 ayat (2) huruf d
A8: KECAMATAN WATUKUMPUL | S8: Model N - 4
A9: KEPALA DESA TAMBI
N10: KANTOR DESA/KELURAHAN | P10: : | Q10: TAMBI
N11: KECAMATAN | P11: : | Q11: WATUKUMPUL
A12: SURAT KETERANGAN/PENGANTAR | N12: KABUPATEN/KOTA | P12: : | Q12: PEMALANG
A13: 474.2 /294 /x/ 2023
N14: SURAT KETERANGAN TENTANG ORANG TUA
B16: Yang bertanda tangan dibawah ini, menerangkan seorang Laki-laki / Perempuan*): | M16: Yang bertanda tangan dibawah ini menerangkan dengan sesungguhnya bahwa:
B18: I. | C18: 1. | D18: Nama lengkap dan alias | E18: : | F18: DARTO | M18: I. | N18: 1. | O18: Nama lengkap dan alias | P18: : | Q18: ..............................................................
C19: 2. | D19: Bint | E19: : | F19: MUSERI
C20: 3. | D20: Tempat dan tanggal lahir | E20: : | F20: Pemalang,24 Mei 1996 | N20: 2. | O20: Tempat dan tanggal lahir | P20: : | Q20: ..............................................................
C21: 4. | D21: Warganegara/Agama | E21: : | F21: Indonesia /Islam | N21: 3. | O21: Warganegara | P21: : | Q21: Indonesia
C22: 5. | D22: Pekerjaan | E22: : | F22: Wiraswasta | N22: 5. | O22: Pekerjaan | P22: : | Q22: ..............................................................
C23: 6. | D23: Tempat tinggal | E23: : | F23: RT.009 RW.002 Desa Tambi,Kecamatan Watukumpul | N23: 6. | O23: Tempat tinggal | P23: : | Q23: Desa Tambi RT.00 RW.00
C24: 7. | D24: Surat Bukti Diri | E24: : | F24: KTP NO : 3327040307960004
F25: KK NO : 3327040202110009
C26: 8. | D26: Keperluan | E26: : | F26: Mendaftar Nikah/Boro Nikah*) Ke
F27: KUA KEC.KARANGMONCOL <KAB>
C29: 9. | D29: Berlaku | E29: : | F29: 13-11-2023 s/d Selesai
C30: 10. | D30: Keterangan Lain-lain | E30: : | F30: Orang Tersebut benar-benar warga Desa Tambi
F31: Kecamatan Watukumpul Kabupaten Pemalang
F32: dan Berstatus : JEJAKA
F33: dan akan menikah dengan :
F34: Nama : LEONITA DEWI ARiANTI
F35: Binti : SUDIONO
F36: NIK :3303124204040003
F37: Alamat : RT 004 RW 002 Desa Sirau Kec..Karangmoncol
F38: Kab..Purbalingga
D40: Demikianlah,surat keterangan inii dibuat dengan mengingat sumpah jabatan dan | O40: Demikianlah,surat keterangan inii dibuat dengan mengingat sumpah jabatan dan
B41: untuk digunakan seperlunya. | M41: untuk digunakan seperlunya.
G43: Tambi,11 Oktober 2023 | R43: Tambi,...........................2017
D45: Tanda Tangan Pemegang | G45: Kepala Desa Tambi | R45: Kepala Desa/Lurah Tambi
D49: DARTO | G49: J U R I | R49: S O B I Y A H
G90: Lampiran PMA No.11 Tahun 2007
H91: -Pasal 5 ayat (2) huruf d
H92: Model N - 4
C94: KANTOR DESA/KELURAHAN | E94: : | F94: TAMBI
C95: KECAMATAN | E95: : | F95: WATUKUMPUL
C96: KABUPATEN/KOTA | E96: : | F96: PEMALANG
C98: SURAT KETERANGAN TENTANG ORANG TUA
C99: Nomor : 474.2/ 36 / III / 2017
B101: Yang bertanda tangan dibawah ini menerangkan dengan sesungguhnya bahwa:
B103: I. | C103: 1. | D103: Nama lengkap dan alias | E103: : | F103: MAHDUM
C104: 2. | D104: Tempat dan tanggal lahir | E104: : | F104: Purbalingga,04 Mei 1952
C105: 3. | D105: Warganegara | E105: : | F105: Indonesia
C106: 4. | D106: Agama | E106: : | F106: Islam
C107: 5. | D107: Pekerjaan | E107: : | F107: Buruh Tani
C108: 6. | D108: Tempat tinggal | E108: : | F108: Desa Danasari RT.006 RW.001
B110: II. | C110: 1. | D110: Nama lengkap dan alias | E110: : | F110: ROPIAH
C111: 2. | D111: Tempat dan tanggal lahir | E111: : | F111: Purbalingga,07 Juni 1962
C112: 3. | D112: Warganegara | E112: : | F112: Indonesia
C113: 4. | D113: Agama | E113: : | F113: Islam
C114: 5. | D114: Pekerjaan | E114: : | F114: Mengurus Rumah Tangga
C115: 6. | D115: Tempat tinggal | E115: : | F115: Desa Danasari RT.006 RW.001
C116: adalah benar ayah kandung dan ibu kandung dari seorang :
C118: 1. | D118: Nama lengkap dan alias | E118: : | F118: TATI SUNDARI
C119: 2. | D119: Tempat dan tanggal lahir | E119: : | F119: Pemalang,12 Desember 1980
C120: 3. | D120: Warganegara | E120: : | F120: Indonesia
C121: 4. | D121: Jenis Kelamin | E121: : | F121: Perempuan
C122: 5. | D122: Agama | E122: : | F122: Islam
C123: 6. | D123: Pekerjaan | E123: : | F123: Buruh Tani
C124: 7. | D124: Tempat tinggal | E124: : | F124: Desa Tambi RT.008 RW.002
D126: Demikianlah,surat keterangan inii dibuat dengan mengingat sumpah jabatan dan
B127: untuk digunakan seperlunya.
G129: Tambi,15 Maret 2017
G131: Kepala Desa/Lurah Tambi
G135: S O B I Y A H
G170: Lampiran PMA No.11 Tahun 2007
H171: -Pasal 5 ayat (2) huruf d
H172: Model N - 4
C174: KANTOR DESA/KELURAHAN | E174: : | F174: TAMBI
C175: KECAMATAN | E175: : | F175: WATUKUMPUL
C176: KABUPATEN/KOTA | E176: : | F176: PEMALANG
C178: SURAT KETERANGAN TENTANG ORANG TUA
C179: Nomor : 474.2/ 37 / III / 2017
B181: Yang bertanda tangan dibawah ini menerangkan dengan sesungguhnya bahwa:
B183: I. | C183: 1. | D183: Nama lengkap dan alias | E183: : | F183: JADI (Almarhum)
C184: 2. | D184: Tempat dan tanggal lahir | E184: : | F184: Pemalang,04 Mei 1952
C185: 3. | D185: Warganegara | E185: : | F185: Indonesia
C186: 4. | D186: Agama | E186: : | F186: Islam
C187: 5. | D187: Pekerjaan | E187: : | F187: Buruh Tani
C188: 6. | D188: Tempat tinggal | E188: : | F188: Desa Tambi RT.009 RW.002
B190: II. | C190: 1. | D190: Nama lengkap dan alias | E190: : | F190: DARYUMI
C191: 2. | D191: Tempat dan tanggal lahir | E191: : | F191: Pemalang, 20 Mei 1959
C192: 3. | D192: Warganegara | E192: : | F192: Indonesia
C193: 4. | D193: Agama | E193: : | F193: Islam
C194: 5. | D194: Pekerjaan | E194: : | F194: Mengurus Rumah Tangga
C195: 6. | D195: Tempat tinggal | E195: : | F195: Desa Tambi RT.009 RW.002
C196: adalah benar ayah kandung dan ibu kandung dari seorang :
C198: 1. | D198: Nama lengkap dan alias | E198: : | F198: RUAYAH
C199: 2. | D199: Tempat dan tanggal lahir | E199: : | F199: Pemalang,04 Oktober 1976
C200: 3. | D200: Warganegara | E200: : | F200: Indonesia
C201: 4. | D201: Jenis Kelamin | E201: : | F201: Perempuan
C202: 5. | D202: Agama | E202: : | F202: Islam
C203: 6. | D203: Pekerjaan | E203: : | F203: Mengurus Rumah Tangga
C204: 7. | D204: Tempat tinggal | E204: : | F204: Desa Tambi RT.009 RW.002
D206: Demikianlah,surat keterangan inii dibuat dengan mengingat sumpah jabatan dan
B207: untuk digunakan seperlunya.
...

Sheet Form. N7
F2: Lampiran PMA No.11 Tahun 2007 | P2: Lampiran PMA No.11 Tahun 2007
G3: -Pasal 5 ayat (1) | Q3: -Pasal 5 ayat (1)
G4: Model N - 7 | Q4: Model N - 7
G6: Tambi,28 Noopember 2017 | P6: Tambi,...............................2017
B8: Lampiran | D8: : | E8: ........Lembar | F8: Kepada Yth, | L8: Lampiran | N8: : | O8: ........Lembar | P8: Kepada Yth,
B9: Prihal | D9: : | E9: Pemberitahuan Kehendak Nikah | F9: Kepala KUA Kecamatan/Penghulu/ | L9: Prihal | N9: : | O9: Pemberitahuan Kehendak Nikah | P9: Kepala KUA Kecamatan/Penghulu/
F10: Pembantu Penghulu | P10: Pembantu Penghulu
F11: di WATUKUMPUL | P11: di ....................................
B14: Assalamu'alaikum Wr.Wb. | L14: Assalamu'alaikum Wr.Wb.
D15: Dengan ini kami memberitahukan bahwa kami bermaksud akan melangsunggkan | N15: Dengan ini kami memberitahukan bahwa kami bermaksud akan melangsunggkan
B16: pernikahan antara AMAR MA'RUF dengan INDRA RUKMANA SARI pada hari....................... | L16: pernikahan antara ...............................dengan............. .....................pada hari..............................tanggal
B17: tanggal,................................. jam...................dengan mas kawin, ......................................dibayar tunai/ | L17: ......................jam...................dengan mas kawin, ...........................................................................dibayar tunai/
B18: hutang *) bertempat di Kantor KUA Kec.Beo ,Kab.Talaud,Prov.Sulawsi Utara. | L18: hutang *) bertempat di .................................................................................................
D19: Bersama ini kami lampirkan surat-surat yang diperlukan untuk diperiksa,sebagai | N19: Bersama ini kami lampirkan surat-surat yang diperlukan untuk diperiksa,sebagai
B20: berikut : | L20: berikut :
B22: 1. | C22: Surat Keterangan untuk Nikah , model N 1 | L22: 1. | M22: Surat Keterangan untuk Nikah , model N 1
B23: 2. | C23: Surat Keterangan Asal Usul , model N 2 | L23: 2. | M23: Surat Keterangan Asal Usul , model N 2
B24: 3. | C24: Surat Persetujuan Mempelai , model N 3 | L24: 3. | M24: Surat Persetujuan Mempelai , model N 3
B25: 4. | C25: Surat Keterangan tentang Orang Tua , model N 4 | L25: 4. | M25: Surat Keterangan tentang Orang Tua , model N 4
B26: 5. | C26: ............................................................................................ | L26: 5. | M26: ............................................................................................
B27: 6. | C27: ............................................................................................ | L27: 6. | M27: ............................................................................................
B28: 7. | C28: ............................................................................................ | L28: 7. | M28: ............................................................................................
B29: 8. | C29: ............................................................................................ | L29: 8. | M29: ............................................................................................
D31: Hanya dapat dihadiri dan dicatat pelaksanaannya sesuai dengan ketentuan perundang- | N31: Hanya dapat dihadiri dan dicatat pelaksanaannya sesuai dengan ketentuan perundang-
B32: undangan yang berlaku. | L32: undangan yang berlaku.
B34: Wassalam'ualaikum.Wr.Wb. | L34: Wassalam'ualaikum.Wr.Wb.
C38: diterima tanggal,............................... | M38: diterima tanggal,...............................
E39: Yang menerima | F39: Yang memberitahukan | O39: Yang menerima | P39: Yang memberitahukan
E40: Kepala KUA/Pengghulu/ | F40: Calon mempelai/Wali/Wakil Wali*) | O40: Kepala KUA/Pengghulu/ | P40: Calon mempelai/Wali/Wakil Wali*)
E41: Pemantu Penghulu*) | O41: Pemantu Penghulu*)
E45: .................................................. | F45: AMAR MA'RUF | O45: .................................................. | P45: ..................................................
F84: Lampiran PMA No.11 Tahun 2007
G85: -Pasal 5 ayat (1)
G86: Model N - 7
G88: Tambi,22 Maret 2017
B90: Lampiran | D90: : | E90: ........Lembar | F90: Kepada Yth,
B91: Prihal | D91: : | E91: Pemberitahuan Kehendak Nikah | F91: Kepala KUA Kecamatan/Penghulu/
F92: Pembantu Penghulu
F93: di WATUKUMPUL
B96: Assalamu'alaikum Wr.Wb.
D97: Dengan ini kami memberitahukan bahwa kami bermaksud akan melangsunggkan
B98: pernikahan antara SARNO dengan RUAYAH pada hari Jum'at tanggal,24 Maret 2017
B99: jam...................dengan mas kawin, ...........................................................................dibayar tunai/
B100: hutang *) bertempat di Kantor KUA Watukumpul.
D101: Bersama ini kami lampirkan surat-surat yang diperlukan untuk diperiksa,sebagai
B102: berikut :
B104: 1. | C104: Surat Keterangan untuk Nikah , model N 1
B105: 2. | C105: Surat Keterangan Asal Usul , model N 2
B106: 3. | C106: Surat Persetujuan Mempelai , model N 3
B107: 4. | C107: Surat Keterangan tentang Orang Tua , model N 4
B108: 5. | C108: ............................................................................................
B109: 6. | C109: ............................................................................................
B110: 7. | C110: ............................................................................................
B111: 8. | C111: ............................................................................................
D113: Hanya dapat dihadiri dan dicatat pelaksanaannya sesuai dengan ketentuan perundang-
B114: undangan yang berlaku.
B116: Wassalam'ualaikum.Wr.Wb.
C120: diterima tanggal,...............................
E121: Yang menerima | F121: Yang memberitahukan
E122: Kepala KUA/Pengghulu/ | F122: Calon mempelai/Wali/Wakil Wali*)
E123: Pemantu Penghulu*)
F126: RUAYAH

Sheet Surat Kematian
B2: Pemerintah Kabupaten | D2: : | E2: PEMALANG
B3: Kecamatan | D3: : | E3: WATUKUMPUL
B4: Desa/Kelurahan | D4: : | E4: TAMBI
B7: UNTUK YANG BERSANGKUTAN
B10: SURAT KETERANGAN KEMATIAN
B12: No. : 474.3/420/VIII /2018
C15: Yang bertanda tangan dibawah ini,menerangkan
B16: bahwa :
B18: Nama lengkap | D18: : | E18: SAHURI
B20: NIK | D20: : | E20: 3327040107420041
B22: Jenis Kelamin | D22: : | E22: Laki - Laki
B24: Tgl lahir/Umur | D24: : | E24: Pemalang,10 Januari 1948
B26: Agama | D26: : | E26: Islam
B28: Alamat | D28: : | E28: Desa Tambi RT 011 RW 002
E29: Kecamatan Watukumpul Kab.Pemalang
B32: Telah meninggal dunia pada :
B34: Hari | D34: : | E34: KAMIS
B36: Tanggal | D36: : | E36: 43329
B38: Bertempat di | D38: : | E38: RUMAH
B40: Penyebab Kematian | D40: : | E40: SAKIT
B44: Surat keterangan ini dibuat berdasarkan keterangan pelapor :
B46: Nama lengkap | D46: : | E46: TARLIAH
B48: NIK | D48: : | E48: 3327044107500088
B50: Umur | D50: : | E50: 60 Tahun
B52: Pekerjaan | D52: : | E52: MENGURUS RUMAH TANGGA
B54: Alamat | D54: : | E54: Desa Tambi RT 011 RW 002
E55: Kecamatan Watukumpul Kab.Pemalang
B58: Hubungan pelapor dengan yang mati : Istri
E61: Tambi,19 Agustus 2018
E63: a.n. Kepala Desa Tambi
E64: SEKRETARIS DESA
E68: SARYONO
F136: Mengetahui :
F137: Kepala Desa Tambi
F141: S O B I Y A H

Sheet SUKET KEMATIAN B
Y1: KODE.F-2.29
B3: Pemerintah Desa/Kelurahan | D3: : | F3: Tambi | P3: Ket | R3: : | S3: Lembar 1 | V3: : | W3: Untuk yang bersangkutan
B4: Kecamatan | D4: : | F4: Watukumpul | S4: Lembar 2 | V4: : | W4: Untuk UPTD/Instansi Pelaksana
B5: Kabupaten/Kota | D5: : | F5: Pemalang | S5: Lembar 3 | V5: : | W5: Untuk Desa/Kelurahan
B6: Kode Wilayah | D6: : | F6: 3 | G6: 3 | H6: 2 | I6: 7 | J6: 0 | K6: 4 | L6: 0 | M6: 2 | N6: 0 | O6: 2 | P6: 2 | S6: Lembar 4 | V6: : | W6: Untuk Kecamatan
B8: SURAT KETERANGAN KEMATIAN
B9: 4No: 474.3 / 563 / I /2025
B11: Nama Kepala Keluarga | D11: : | F11: =MID(AH11,COLUMNS($AH$11:AH11),1) -> N | G11: =MID($AH$11,COLUMNS($AH$11:AI11),1) -> G | H11: =MID($AH$11,COLUMNS($AH$11:AJ11),1) -> A | I11: =MID($AH$11,COLUMNS($AH$11:AK11),1) -> L | J11: =MID($AH$11,COLUMNS($AH$11:AL11),1) -> I | K11: =MID($AH$11,COLUMNS($AH$11:AM11),1) -> M | L11: =MID($AH$11,COLUMNS($AH$11:AN11),1) -> A | M11: =MID($AH$11,COLUMNS($AH$11:AO11),1) -> N | N11: =MID($AH$11,COLUMNS($AH$11:AP11),1) | ... AD11: =MID($AH$11,COLUMNS($AH$11:BF11),1) | AF11: Nama Kepala Keluarga | AH11: NGALIMAN
B12: Nomor Kartu Keluarga | D12: : | F12: =MID(AH12,COLUMNS($AH$11:AH12),1) -> 3 | G12: =MID($AH12,COLUMNS($AH$11:AI12),1) -> 3 | H12: =MID($AH12,COLUMNS($AH$11:AJ12),1) -> 2 | I12: =MID($AH12,COLUMNS($AH$11:AK12),1) -> 7 | J12: =MID($AH12,COLUMNS($AH$11:AL12),1) -> 0 | K12: =MID($AH12,COLUMNS($AH$11:AM12),1) -> 4 | L12: =MID($AH12,COLUMNS($AH$11:AN12),1) -> 0 | M12: =MID($AH12,COLUMNS($AH$11:AO12),1) -> 3 | N12: =MID($AH12,COLUMNS($AH$11:AP12),1) -> 0 | ... AA12: =MID($AH12,COLUMNS($AH$11:BC12),1) | AB12: =MID($AH$12,COLUMNS($AH$12:BD12),1) | AC12: =MID($AH$12,COLUMNS($AH$12:BE12),1) | AD12: =MID($AH$12,COLUMNS($AH$12:BF12),1) | AF12: Nomor Kartu Keluarga | AH12: 3327040302110016
F13: =MID(AH13,COLUMNS($AH$11:AH13),1)
B14: JENAZAH | F14: =MID(AH14,COLUMNS($AH$11:AH14),1)
B15: 1. | C15: NIK | D15: : | F15: =MID($AH$15,COLUMNS($AH$11:AH15),1) -> 3 | G15: =MID($AH$15,COLUMNS($AH$11:AI15),1) -> 3 | H15: =MID($AH$15,COLUMNS($AH$11:AJ15),1) -> 2 | I15: =MID($AH$15,COLUMNS($AH$11:AK15),1) -> 7 | J15: =MID($AH$15,COLUMNS($AH$11:AL15),1) -> 0 | K15: =MID($AH$15,COLUMNS($AH$11:AM15),1) -> 4 | L15: =MID($AH$15,COLUMNS($AH$11:AN15),1) -> 5 | M15: =MID($AH$15,COLUMNS($AH$11:AO15),1) -> 5 | ... U15: =MID($AH$15,COLUMNS($AH$11:AW15),1) -> 2 | AF15: NIK | AH15: 3327045507120002
B16: 2. | C16: Nama Lengkap | D16: : | F16: =MID($AH$16,COLUMNS($AH$16:AH16),1) -> N | G16: =MID($AH$16,COLUMNS($AH$16:AI16),1) -> U | H16: =MID($AH$16,COLUMNS($AH$16:AJ16),1) -> R | I16: =MID($AH$16,COLUMNS($AH$16:AK16),1) | J16: =MID($AH$16,COLUMNS($AH$16:AL16),1) -> S | K16: =MID($AH$16,COLUMNS($AH$16:AM16),1) -> A | L16: =MID($AH$16,COLUMNS($AH$16:AN16),1) -> N | M16: =MID($AH$16,COLUMNS($AH$16:AO16),1) -> T | ... U16: =MID($AH$16,COLUMNS($AH$16:AW16),1) | AF16: Nama Lengkap | AH16: NUR SANTIKA
B17: 3. | C17: Jenis Kelamin | D17: : | F17: =AH17 -> 1 | G17: 1.Laki-laki | M17: =AI17 -> 2 | N17: 2. Perempuan | AF17: Jenis Kelamin | AH17: 1 | AI17: 2
B18: 4. | C18: Tanggal Lahir/Umur | D18: : | F18: Tgl | H18: =MID($AI$18,COLUMNS($AH$18:AH18),1) -> 1 | I18: =MID($AI$18,COLUMNS($AH$18:AI18),1) -> 5 | J18: Bln. | M18: =MID($AL$18,COLUMNS($AL$18:AL18),1) -> 0 | N18: =MID($AL$18,COLUMNS($AL$18:AM18),1) -> 7 | O18: Tahun | R18: =MID($AO$18,COLUMNS($AO$18:AO18),1) -> 2 | S18: =MID($AO$18,COLUMNS($AO$18:AP18),1) -> 0 | T18: =MID($AO$18,COLUMNS($AO$18:AQ18),1) -> 1 | U18: =MID($AO$18,COLUMNS($AO$18:AR18),1) -> 2 | V18: Umur | Y18: 0 | Z18: =MID($AS$18,COLUMNS($AS$18:AS18),1) -> 1 | AA18: =MID($AS$18,COLUMNS($AS$18:AT18),1) -> 2 | AF18: Tanggal Lahir/Umur | AI18: 15 | AK18: / | AL18: 07 | AN18: / | AO18: 2012 | AS18: =2024-AO18 -> 12
B19: 5. | C19: Tempat Lahir | D19: : | F19: =MID($AH$19,COLUMNS($AH$16:AH16),1) -> P | G19: =MID($AH$19,COLUMNS($AH$16:AI16),1) -> E | H19: =MID($AH$19,COLUMNS($AH$16:AJ16),1) -> M | I19: =MID($AH$19,COLUMNS($AH$16:AK16),1) -> A | J19: =MID($AH$19,COLUMNS($AH$16:AL16),1) -> L | K19: =MID($AH$19,COLUMNS($AH$16:AM16),1) -> A | L19: =MID($AH$19,COLUMNS($AH$16:AN16),1) -> N | M19: =MID($AH$19,COLUMNS($AH$16:AO16),1) -> G | ... O19: =MID($AH$19,COLUMNS($AH$16:AQ16),1) | R19: Kode Prov. | V19: 3 | W19: 3 | X19: Kode Kab. | AB19: 2 | AC19: 7 | AF19: Tempat Lahir | AH19: PEMALANG
B20: 6. | C20: Agama | D20: : | F20: 1 | G20: 1. Islam | K20: 2.Kristen | O20: 3.Katolik | S20: 4.Hindu | W20: 5.Budha | Z20: 6.Lainnya | AF20: Agama
B21: 7. | C21: Pekerjaan | D21: : | F21: =MID($AH$21,COLUMNS($AH$21:AH21),1) -> 0 | G21: =MID($AH$21,COLUMNS($AH$21:AI21),1) -> 1 | AF21: Pekerjaan | AH21: 01
B22: 8. | C22: Alamat | D22: : | F22: =AH22 -> TAMBI RT 008 RW 002 KEC WATUKUMPUL KAB PEMALANG | AF22: Alamat | AH22: TAMBI RT 008 RW 002 KEC WATUKUMPUL KAB PEMALANG
F23: a. Desa/Kelurahan | L23: TAMBI | T23: c.Kab/Kota | X23: PEMALANG
F24: b. Kecamatan | L24: WATUKUMPUL | T24: d.Provinsi | X24: JAWA TENGAH
B25: 9. | C25: Anak ke | D25: : | F25: 1 | G25: 1. | J25: 2. | M25: 3. | P25: 4…....... | AF25: Anak ke
B26: 10. | C26: Tanggal Kematian | D26: : | F26: Tgl | H26: =MID($AI$26,COLUMNS($AH$16:AH16),1) -> 2 | I26: =MID($AI$26,COLUMNS($AH$16:AI16),1) -> 4 | J26: Bln | M26: =MID($AL$26,COLUMNS($AL$26:AL26),1) -> 0 | N26: =MID($AL$26,COLUMNS($AL$26:AM26),1) -> 1 | O26: Tahun | R26: =MID($AO$26,COLUMNS($AL$26:AL26),1) -> 2 | S26: =MID($AO$26,COLUMNS($AL$26:AM26),1) -> 0 | T26: =MID($AO$26,COLUMNS($AL$26:AN26),1) -> 2 | U26: =MID($AO$26,COLUMNS($AL$26:AO26),1) -> 4 | AF26: Tanggal Kematian | AI26: 24 | AK26: / | AL26: 01 | AN26: / | AO26: 2024
B27: 11. | C27: Pukul | D27: : | F27: =MID($AI27,COLUMNS($AL$26:AL26),1) -> 1 | G27: =MID($AI27,COLUMNS($AL$26:AM26),1) -> 5 | H27: =MID($AI27,COLUMNS($AL$26:AN26),1) -> 1 | I27: =MID($AI27,COLUMNS($AL$26:AO26),1) -> 5 | AF27: Pukul | AI27: 1515
B28: 12. | C28: Sebab Kematian | D28: : | F28: 1 | G28: 1.Sakit biasa/Tua | P28: 2.Wabah Penyakit | X28: 3.Kecelakaan | AF28: Sebab Kematian
G29: 4.Kriminalisasi | P29: 5.Bunuh Diri | X29: 6.Lainnya
B30: 13. | C30: Tempat Kematian | D30: : | F30: =MID($AH$30,COLUMNS($AH$30:AH30),1) -> R | G30: =MID($AH$30,COLUMNS($AH$30:AI30),1) -> U | H30: =MID($AH$30,COLUMNS($AH$30:AJ30),1) -> M | I30: =MID($AH$30,COLUMNS($AH$30:AK30),1) -> A | J30: =MID($AH$30,COLUMNS($AH$30:AL30),1) -> H | K30: =MID($AH$30,COLUMNS($AH$30:AM30),1) | L30: =MID($AH$30,COLUMNS($AH$30:AN30),1) | M30: =MID($AH$30,COLUMNS($AH$30:AO30),1) | ... U30: =MID($AH$30,COLUMNS($AH$30:AW30),1) | AF30: Tempat Kematian | AH30: RUMAH
B31: 14. | C31: Yang menerangkan | D31: : | F31: 2 | G31: 1.Dokter | L31: 2.Tenaga Kesehatan | T31: 3.Kepolisian | Y31: 4.Lainnya
B33: AYAH | AF33: AYAH
B34: 1. | C34: NIK | F34: =MID($AH$34,COLUMNS($AH$34:AH34),1) -> 3 | G34: =MID($AH$34,COLUMNS($AH$34:AI34),1) -> 3 | H34: =MID($AH$34,COLUMNS($AH$34:AJ34),1) -> 2 | I34: =MID($AH$34,COLUMNS($AH$34:AK34),1) -> 7 | J34: =MID($AH$34,COLUMNS($AH$34:AL34),1) -> 0 | K34: =MID($AH$34,COLUMNS($AH$34:AM34),1) -> 4 | L34: =MID($AH$34,COLUMNS($AH$34:AN34),1) -> 0 | M34: =MID($AH$34,COLUMNS($AH$34:AO34),1) -> 7 | ... U34: =MID($AH$34,COLUMNS($AH$34:AW34),1) -> 4 | AF34: NIK | AH34: 3327040705840004
B35: 2. | C35: Nama Lengkap | F35: =MID($AH$35,COLUMNS($AH$35:AH35),1) -> N | G35: =MID($AH$35,COLUMNS($AH$35:AI35),1) -> G | H35: =MID($AH$35,COLUMNS($AH$35:AJ35),1) -> A | I35: =MID($AH$35,COLUMNS($AH$35:AK35),1) -> L | J35: =MID($AH$35,COLUMNS($AH$35:AL35),1) -> I | K35: =MID($AH$35,COLUMNS($AH$35:AM35),1) -> M | L35: =MID($AH$35,COLUMNS($AH$35:AN35),1) -> A | M35: =MID($AH$35,COLUMNS($AH$35:AO35),1) -> N | ... U35: =MID($AH$35,COLUMNS($AH$35:AW35),1) | AF35: Nama Lengkap | AH35: NGALIMAN
B36: 3. | C36: Tanggal Lahir/Umur | F36: Tgl | H36: =MID($AI$36,COLUMNS($AH$35:AH35),1) -> 0 | I36: =MID($AI$36,COLUMNS($AH$35:AI35),1) -> 7 | J36: Bln. | M36: =MID($AL$36,COLUMNS($AH$35:AH35),1) -> 0 | N36: =MID($AL$36,COLUMNS($AH$35:AI35),1) -> 5 | O36: Tahun | R36: =MID($AO$36,COLUMNS($AH$35:AH35),1) -> 1 | S36: =MID($AO$36,COLUMNS($AH$35:AI35),1) -> 9 | T36: =MID($AO$36,COLUMNS($AH$35:AJ35),1) -> 8 | U36: =MID($AO$36,COLUMNS($AH$35:AK35),1) -> 4 | V36: Umur | Y36: 0 | Z36: =MID($AS$36,COLUMNS($AH$35:AH35),1) -> 4 | AA36: =MID($AS$36,COLUMNS($AH$35:AI35),1) -> 0 | AF36: Tanggal Lahir/Umur | AI36: 07 | AL36: 05 | AO36: 1984 | AS36: =2024-AO36 -> 40
B37: 4. | C37: Pekerjaan | F37: =MID($AH$37,COLUMNS($AH$37:AH37),1) -> 0 | G37: =MID($AH$37,COLUMNS($AH$37:AI37),1) -> 8 | AF37: Pekerjaan | AH37: 08
B38: 5. | C38: Alamat | F38: =AH38 -> TAMBI RT 008 RW 002 KEC WATUKUMPUL KAB PEMALANG | AF38: Alamat | AH38: TAMBI RT 008 RW 002 KEC WATUKUMPUL KAB PEMALANG
F39: a. Desa/Kelurahan | L39: TAMBI | T39: c.Kab/Kota | X39: PEMALANG
F40: b. Kecamatan | L40: WATUKUMPUL | T40: d.Provinsi | X40: JAWA TENGAH
B42: IBU | AF42: IBU
B43: 1. | C43: NIK | F43: =MID($AH$43,COLUMNS($AH$43:AH43),1) -> 3 | G43: =MID($AH$43,COLUMNS($AH$43:AI43),1) -> 3 | H43: =MID($AH$43,COLUMNS($AH$43:AJ43),1) -> 2 | I43: =MID($AH$43,COLUMNS($AH$43:AK43),1) -> 7 | J43: =MID($AH$43,COLUMNS($AH$43:AL43),1) -> 0 | K43: =MID($AH$43,COLUMNS($AH$43:AM43),1) -> 4 | L43: =MID($AH$43,COLUMNS($AH$43:AN43),1) -> 4 | M43: =MID($AH$43,COLUMNS($AH$43:AO43),1) -> 4 | ... U43: =MID($AH$43,COLUMNS($AH$43:AW43),1) -> 0 | AF43: NIK | AH43: 3327044401900010
B44: 2. | C44: Nama Lengkap | F44: =MID($AH$44,COLUMNS($AH$44:AH44),1) -> K | G44: =MID($AH$44,COLUMNS($AH$44:AI44),1) -> H | H44: =MID($AH$44,COLUMNS($AH$44:AJ44),1) -> O | I44: =MID($AH$44,COLUMNS($AH$44:AK44),1) -> T | J44: =MID($AH$44,COLUMNS($AH$44:AL44),1) -> I | K44: =MID($AH$44,COLUMNS($AH$44:AM44),1) -> J | L44: =MID($AH$44,COLUMNS($AH$44:AN44),1) -> A | M44: =MID($AH$44,COLUMNS($AH$44:AO44),1) -> H | ... V44: =MID($AH$44,COLUMNS($AH$44:AX44),1) | AF44: Nama Lengkap | AH44: KHOTIJAH
B45: 3. | C45: Tanggal Lahir/Umur | F45: Tgl | H45: =MID($AI$45,COLUMNS($AH$34:AH34),1) -> 0 | I45: =MID($AI$45,COLUMNS($AH$34:AI34),1) -> 4 | J45: Bln. | M45: =MID($AL$45,COLUMNS($AH$34:AH34),1) -> 0 | N45: =MID($AL$45,COLUMNS($AH$34:AI34),1) -> 1 | O45: Tahun | R45: =MID($AO$45,COLUMNS($AH$34:AH34),1) -> 1 | S45: =MID($AO$45,COLUMNS($AH$34:AI34),1) -> 9 | T45: =MID($AO$45,COLUMNS($AH$34:AJ34),1) -> 9 | U45: =MID($AO$45,COLUMNS($AH$34:AK34),1) -> 0 | V45: Umur | Y45: =MID($AS$45,COLUMNS($AS$45:AS45),1) -> 3 | Z45: =MID($AS$45,COLUMNS($AS$45:AT45),1) -> 4 | AA45: =MID($AS$45,COLUMNS($AS$45:AU45),1) | AF45: Tanggal Lahir/Umur | AI45: 04 | AL45: 01 | AO45: 1990 | AS45: =2024-AO45 -> 34
B46: 4. | C46: Pekerjaan | F46: =MID($AH$46,COLUMNS($AH$46:AH46),1) -> 0 | G46: =MID($AH$46,COLUMNS($AH$46:AI46),1) -> 2 | AF46: Pekerjaan | AH46: 02
B47: 5. | C47: Alamat | F47: =AH47 -> TAMBI RT 008 RW 002 KEC WATUKUMPUL KAB PEMALANG | AF47: Alamat | AH47: TAMBI RT 008 RW 002 KEC WATUKUMPUL KAB PEMALANG
F48: a. Desa/Kelurahan | L48: TAMBI | T48: c.Kab/Kota | X48: PEMALANG
F49: b. Kecamatan | L49: WATUKUMPUL | T49: d.Provinsi | X49: JAWA TENGAH
AF50: PELAPOR
B51: PELAPOR | AF51: NIK | AH51: 3327040705840004
B52: 1. | C52: NIK | F52: =MID($AH$51,COLUMNS($AH$51:AH51),1) -> 3 | G52: =MID($AH$51,COLUMNS($AH$51:AI51),1) -> 3 | H52: =MID($AH$51,COLUMNS($AH$51:AJ51),1) -> 2 | I52: =MID($AH$51,COLUMNS($AH$51:AK51),1) -> 7 | J52: =MID($AH$51,COLUMNS($AH$51:AL51),1) -> 0 | K52: =MID($AH$51,COLUMNS($AH$51:AM51),1) -> 4 | L52: =MID($AH$51,COLUMNS($AH$51:AN51),1) -> 0 | M52: =MID($AH$51,COLUMNS($AH$51:AO51),1) -> 7 | ... U52: =MID($AH$51,COLUMNS($AH$51:AW51),1) -> 4 | AF52: Nama Lengkap | AH52: NGALIMAN
B53: 2. | C53: Nama Lengkap | F53: =MID($AH$52,COLUMNS($AH$52:AH52),1) -> N | G53: =MID($AH$52,COLUMNS($AH$52:AI52),1) -> G | H53: =MID($AH$52,COLUMNS($AH$52:AJ52),1) -> A | I53: =MID($AH$52,COLUMNS($AH$52:AK52),1) -> L | J53: =MID($AH$52,COLUMNS($AH$52:AL52),1) -> I | K53: =MID($AH$52,COLUMNS($AH$52:AM52),1) -> M | L53: =MID($AH$52,COLUMNS($AH$52:AN52),1) -> A | M53: =MID($AH$52,COLUMNS($AH$52:AO52),1) -> N | ... U53: =MID($AH$52,COLUMNS($AH$52:AW52),1) | AF53: Tanggal Lahir/Umur | AI53: 07 | AL53: 05 | AO53: 1984 | AS53: =2024-AO53 -> 40
B54: 3. | C54: Tanggal Lahir/Umur | F54: Tgl | H54: =MID($AI$53,COLUMNS($AH$43:AH43),1) -> 0 | I54: =MID($AI$53,COLUMNS($AH$43:AI43),1) -> 7 | J54: Bln. | M54: =MID($AL$53,COLUMNS($AH$43:AH43),1) -> 0 | N54: =MID($AL$53,COLUMNS($AH$43:AI43),1) -> 5 | O54: Tahun | R54: =MID($AO$53,COLUMNS($AH$43:AH43),1) -> 1 | S54: =MID($AO$53,COLUMNS($AH$43:AI43),1) -> 9 | T54: =MID($AO$53,COLUMNS($AH$43:AJ43),1) -> 8 | U54: =MID($AO$53,COLUMNS($AH$43:AK43),1) -> 4 | V54: Umur | Y54: 0 | Z54: =MID($AS$53,COLUMNS($AH$43:AH43),1) -> 4 | AA54: =MID($AS$53,COLUMNS($AH$43:AI43),1) -> 0 | AF54: Pekerjaan | AH54: 08
B55: 4. | C55: Pekerjaan | F55: =MID($AH$54,COLUMNS($AH$54:AH54),1) -> 0 | G55: =MID($AH$54,COLUMNS($AH$54:AI54),1) -> 8 | AF55: Alamat | AH55: TAMBI RT 008 RW 002 KEC WATUKUMPUL KAB PEMALANG
B56: 5. | C56: Alamat | F56: =AH55 -> TAMBI RT 008 RW 002 KEC WATUKUMPUL KAB PEMALANG
F57: a. Desa/Kelurahan | L57: TAMBI | T57: c.Kab/Kota | X57: PEMALANG
F58: b. Kecamatan | L58: WATUKUMPUL | T58: d.Provinsi | X58: JAWA TENGAH
B60: SAKSI I
B61: 1. | C61: NIK | F61: 3 | G61: 3 | H61: 2 | I61: 7 | J61: 0 | K61: 4 | L61: 0 | M61: 7 | N61: 0 | O61: 4 | P61: 7 | Q61: 1 | R61: 0 | S61: 0 | T61: 0 | U61: 3
B62: 2. | C62: Nama Lengkap | F62: W | G62: A | H62: K | I62: H | J62: U | K62: R | L62: I
B63: 3. | C63: Tanggal Lahir/Umur | F63: Tgl | H63: 0 | I63: 7 | J63: Bln. | M63: 0 | N63: 4 | O63: Tahun | R63: 1 | S63: 9 | T63: 7 | U63: 0 | V63: Umur | Y63: 5 | Z63: 5
B64: 4. | C64: Pekerjaan | F64: 8 | G64: 5
B65: 5. | C65: Alamat | F65: RT 001 RW 001 TAMBI
F66: a. Desa/Kelurahan | L66: TAMBI | T66: c.Kab/Kota | X66: PEMALANG
F67: b. Kecamatan | L67: WATUKUMPUL | T67: d.Provinsi | X67: JAWA TENGAH
B69: SAKSI II
B70: 1. | C70: NIK | F70: 3 | G70: 3 | H70: 2 | I70: 7 | J70: 0 | K70: 4 | L70: 2 | M70: 1 | N70: 1 | O70: 0 | P70: 8 | Q70: 9 | R70: 0 | S70: 0 | T70: 0 | U70: 4
B71: 2. | C71: Nama Lengkap | F71: C | G71: H | H71: A | I71: L | J71: I | K71: M | M71: M | N71: U | O71: C | P71: H | Q71: T | R71: A | S71: R | T71: O | U71: M
B72: 3. | C72: Tanggal Lahir/Umur | F72: Tgl | H72: 2 | I72: 1 | J72: Bln. | M72: 1 | N72: 0 | O72: Tahun | R72: 1 | S72: 9 | T72: 8 | U72: 9 | V72: Umur | Y72: 3 | Z72: 5
B73: 4. | C73: Pekerjaan | F73: 8 | G73: 5
B74: 5. | C74: Alamat | F74: RT 002 RW 001 TAMBI
F75: a. Desa/Kelurahan | L75: TAMBI | T75: c.Kab/Kota | X75: PEMALANG
F76: b. Kecamatan | L76: WATUKUMPUL | T76: d.Provinsi | X76: JAWA TENGAH
U79: Tambi, 06 Januari 2025
C81: Mengetahui; | U81: Pelapor
C82: Kepala Desa Tambi
C86: JURI | U86: =AH52 -> NGALIMAN
Y90: KODE.F-2.29
B92: Pemerintah Desa/Kelurahan | D92: : | F92: Tambi | P92: Ket | R92: : | S92: Lembar 1 | V92: : | W92: Untuk yang bersangkutan
B93: Kecamatan | D93: : | F93: Watukumpul | S93: Lembar 2 | V93: : | W93: Untuk UPTD/Instansi Pelaksana
B94: Kabupaten/Kota | D94: : | F94: Pemalang | S94: Lembar 3 | V94: : | W94: Untuk Desa/Kelurahan
B95: Kode Wilayah | D95: : | F95: 3 | G95: 3 | H95: 2 | I95: 7 | J95: 0 | K95: 4 | L95: 0 | M95: 2 | N95: 0 | O95: 2 | P95: 2 | S95: Lembar 4 | V95: : | W95: Untuk Kecamatan
B97: SURAT KETERANGAN KEMATIAN
B98: 4No: 474.3 / 559 / VI /2024
B100: Nama Kepala Keluarga | D100: : | F100: K | G100: U | H100: S | I100: N | J100: A | K100: N | L100: T | M100: O
B101: Nomor Kartu Keluarga | D101: : | F101: 3 | G101: 3 | H101: 2 | I101: 7 | J101: 0 | K101: 4 | L101: 0 | M101: 2 | N101: 0 | O101: 7 | P101: 2 | Q101: 0 | R101: 0 | S101: 0 | T101: 0 | U101: 7
B103: JENAZAH
B104: 1. | C104: NIK | D104: : | F104: 3 | G104: 3 | H104: 2 | I104: 7 | J104: 0 | K104: 4 | L104: 4 | M104: 1 | N104: 0 | O104: 7 | P104: 7 | Q104: 0 | R104: 0 | S104: 1 | T104: 5 | U104: 1
B105: 2. | C105: Nama Lengkap | D105: : | F105: T | G105: U | H105: T | I105: I | K105: R | L105: A | M105: H | N105: A | O105: Y | P105: U
B106: 3. | C106: Jenis Kelamin | D106: : | F106: 1 | G106: 1.Laki-laki | N106: 2. Perempuan
B107: 4. | C107: Tanggal Lahir/Umur | D107: : | F107: Tgl | H107: 0 | I107: 1 | J107: Bln. | M107: 0 | N107: 7 | O107: Tahun | R107: 1 | S107: 9 | T107: 7 | U107: 0 | V107: Umur | Y107: 0 | Z107: 4 | AA107: 6
B108: 5. | C108: Tempat Lahir | D108: : | F108: P | G108: E | H108: M | I108: A | J108: L | K108: A | L108: N | M108: G | R108: Kode Prov. | V108: 3 | W108: 3 | X108: Kode Kab. | AB108: 2 | AC108: 7
B109: 6. | C109: Agama | D109: : | F109: 1 | G109: 1. Islam | K109: 2.Kristen | O109: 3.Katolik | S109: 4.Hindu | W109: 5.Budha | Z109: 6.Lainnya
B110: 7. | C110: Pekerjaan | D110: : | F110: 0 | G110: 9
B111: 8. | C111: Alamat | D111: : | F111: TAMBI RT 006 RW 001 KEC WATUKUMPUL KABUPATEN PEMALANG
F112: a. Desa/Kelurahan | L112: TAMBI | T112: c.Kab/Kota | X112: PEMALANG
F113: b. Kecamatan | L113: WATUKUMPUL | T113: d.Provinsi | X113: JAWA TENGAH
B114: 9. | C114: Anak ke | D114: : | F114: 1 | G114: 1. | J114: 2. | M114: 3. | P114: 4….......
B115: 10. | C115: Tanggal Kematian | D115: : | F115: Tgl | H115: 2 | I115: 1 | J115: Bln | M115: 0 | N115: 6 | O115: Tahun | R115: 2 | S115: 0 | T115: 2 | U115: 4
B116: 11. | C116: Pukul | D116: : | F116: 1 | G116: 6 | H116: 0 | I116: 5
B117: 12. | C117: Sebab Kematian | D117: : | F117: 1 | G117: 1.Sakit biasa/Tua | P117: 2.Wabah Penyakit | X117: 3.Kecelakaan
G118: 4.Kriminalisasi | P118: 5.Bunuh Diri | X118: 6.Lainnya
B119: 13. | C119: Tempat Kematian | D119: : | F119: R | G119: U | H119: M | I119: A | J119: H | L119: S | M119: A | N119: K | O119: I | P119: T
B120: 14. | C120: Yang menerangkan | D120: : | F120: 1 | G120: 1.Dokter | L120: 2.Tenaga Kesehatan | T120: 3.Kepolisian | Y120: 4.Lainnya
...

Sheet Surat Kelahiran
X2: KODE.F-2.01
A4: Desa/Kelurahan | D4: : | E4: TAMBI | T4: Ket: | U4: Lembar 1 | W4: : | X4: Untuk yang bersangkutan | AF4: Desa/Kelurahan
A5: Kecamatan | D5: : | E5: WATUKUMPUL | U5: Lembar 2 | W5: : | X5: Desa/Kelurahan | AF5: Kecamatan
A6: Pemerintah Kabupaten | D6: : | E6: PEMALANG | U6: Lembar 3 | W6: : | X6: Kecamatan | AF6: Pemerintah Kabupaten
A8: Kode Wilayah | D8: : | E8: 3 | F8: 3 | G8: 2 | H8: 7 | I8: 0 | J8: 4 | K8: 0 | L8: 1 | M8: 1 | AF8: Kode Wilayah
A10: SURAT KETERANGAN KELAHIRAN
A12: No : 400.12.3.1/003/VII/2026
A14: Nama Kepala Keluarga | D14: : | E14: =MID($AI14,COLUMNS($AI14:AI14),1) -> B | F14: =MID($AI14,COLUMNS($AI14:AJ14),1) -> U | G14: =MID($AI14,COLUMNS($AI14:AK14),1) -> D | H14: =MID($AI14,COLUMNS($AI14:AL14),1) -> I | I14: =MID($AI14,COLUMNS($AI14:AM14),1) -> A | J14: =MID($AI14,COLUMNS($AI14:AN14),1) -> N | K14: =MID($AI14,COLUMNS($AI14:AO14),1) -> T | L14: =MID($AI14,COLUMNS($AI14:AP14),1) -> O | ... AC14: =MID($AI14,COLUMNS($AI14:BG14),1) | AF14: Nama Kepala Keluarga | AI14: ='ISIAN DATA'!E6 -> BUDIANTO
A15: Nomor Kartu Keluarga | D15: : | E15: =MID($AI15,COLUMNS($AI15:AI15),1) -> 3 | F15: =MID($AI15,COLUMNS($AI15:AJ15),1) -> 3 | G15: =MID($AI15,COLUMNS($AI15:AK15),1) -> 2 | H15: =MID($AI15,COLUMNS($AI15:AL15),1) -> 7 | I15: =MID($AI15,COLUMNS($AI15:AM15),1) -> 0 | J15: =MID($AI15,COLUMNS($AI15:AN15),1) -> 4 | K15: =MID($AI15,COLUMNS($AI15:AO15),1) -> 2 | L15: =MID($AI15,COLUMNS($AI15:AP15),1) -> 3 | ... W15: =MID($AI15,COLUMNS($AI15:BA15),1) | AF15: Nomor Kartu Keluarga | AI15: ='ISIAN DATA'!E7 -> 3327042311210005
AI16: ='ISIAN DATA'!E8 -> 0
A17: BAYI/ANAK | AF17: BAYI/ANAK | AI17: ='ISIAN DATA'!E9 -> 0
AI18: ='ISIAN DATA'!E10 -> 0
A19: 1. | B19: Nama | D19: : | E19: =MID($AI19,COLUMNS($AI19:AI19),1) -> K | F19: =MID($AI19,COLUMNS($AI19:AJ19),1) -> H | G19: =MID($AI19,COLUMNS($AI19:AK19),1) -> A | H19: =MID($AI19,COLUMNS($AI19:AL19),1) -> L | I19: =MID($AI19,COLUMNS($AI19:AM19),1) -> I | J19: =MID($AI19,COLUMNS($AI19:AN19),1) -> F | K19: =MID($AI19,COLUMNS($AI19:AO19),1) -> A | L19: =MID($AI19,COLUMNS($AI19:AP19),1) | ... AC19: =MID($AI19,COLUMNS($AI19:BG19),1) -> I | AF19: 1. | AG19: Nama | AI19: ='ISIAN DATA'!E11 -> KHALIFA SYAKILA RAMADHANI
A20: 2. | B20: Jenis Kelamin | D20: : | E20: =AI20 -> 2 | F20: 1. Laki-laki | J20: 2. Perempuan | AF20: 2. | AG20: Jenis Kelamin | AI20: ='ISIAN DATA'!E12 -> 2
A21: 3. | B21: Tempat dilahirkan | D21: : | E21: 2 | F21: 1.RS/RB | J21: 2.Puskesmas | N21: 3.Polindes | R21: 4.Rumah | W21: 5.Lainnya | AF21: 3. | AG21: Tempat dilahirkan | AI21: ='ISIAN DATA'!E13 -> 0
A22: 4. | B22: Tempat Kelahiran | D22: : | E22: =MID($AI22,COLUMNS($AI22:AI22),1) -> P | F22: =MID($AI22,COLUMNS($AI22:AJ22),1) -> E | G22: =MID($AI22,COLUMNS($AI22:AK22),1) -> M | H22: =MID($AI22,COLUMNS($AI22:AL22),1) -> A | I22: =MID($AI22,COLUMNS($AI22:AM22),1) -> L | J22: =MID($AI22,COLUMNS($AI22:AN22),1) -> A | K22: =MID($AI22,COLUMNS($AI22:AO22),1) -> N | L22: =MID($AI22,COLUMNS($AI22:AP22),1) -> G | ... T22: =MID($AI22,COLUMNS($AI22:AX22),1) | AF22: 4. | AG22: Tempat Kelahiran | AI22: ='ISIAN DATA'!E14 -> PEMALANG
A23: 5. | B23: Hari dan Tanggal lahir | D23: : | E23: =MID($AI23,COLUMNS($AI23:AI23),1) -> 0 | F23: =MID($AI23,COLUMNS($AI23:AJ23),1) | G23: =MID($AI23,COLUMNS($AI23:AK23),1) | H23: =MID($AI23,COLUMNS($AI23:AL23),1) | I23: =MID($AI23,COLUMNS($AI23:AM23),1) | J23: =MID($AI23,COLUMNS($AI23:AN23),1) | K23: =MID($AI23,COLUMNS($AI23:AO23),1) | L23: =MID($AI23,COLUMNS($AI23:AP23),1) | N23: Tgl | P23: =MID($AJ$24,COLUMNS($AJ$24:AJ24),1) -> 0 | Q23: =MID($AJ$24,COLUMNS($AJ$24:AK24),1) -> 3 | S23: Bln | U23: =MID($AK$24,COLUMNS($AK$24:AK24),1) -> 0 | V23: =MID($AK$24,COLUMNS($AK$24:AL24),1) -> 4 | X23: Thn | Z23: =MID($AL$24,COLUMNS($AL$24:AL24),1) -> 2 | AA23: =MID($AL$24,COLUMNS($AL$24:AM24),1) -> 0 | AB23: =MID($AL$24,COLUMNS($AL$24:AN24),1) -> 2 | AC23: =MID($AL$24,COLUMNS($AL$24:AO24),1) -> 2 | AF23: 5. | AG23: Hari dan Tanggal lahir | AI23: ='ISIAN DATA'!E15 -> 0 | AJ23: TGL | AK23: BLN | AL23: THN | AM23: UMUR
A24: 6. | B24: Pukul | D24: : | E24: =MID($AI24,COLUMNS($AI24:AI24),1) -> 0 | F24: =MID($AI24,COLUMNS($AI24:AJ24),1) -> 9 | G24: =MID($AI24,COLUMNS($AI24:AK24),1) -> 0 | H24: =MID($AI24,COLUMNS($AI24:AL24),1) -> 0 | I24: WIB | AF24: 6. | AG24: Pukul | AI24: ='ISIAN DATA'!E16 -> 0900 | AJ24: ='ISIAN DATA'!F16 -> 03 | AK24: ='ISIAN DATA'!G16 -> 04 | AL24: ='ISIAN DATA'!H16 -> 2022 | AM24: ='ISIAN DATA'!I16 -> 4
A25: 7. | B25: Jenis Kelahiran | D25: : | E25: 1 | F25: 1.Tunggal | J25: 2.Kembar 2 | N25: 3.Kembar 3 | R25: 4.Kembar 4 | W25: 5.Lainnya | AF25: 7. | AG25: Jenis Kelahiran/ TANGGAL | AI25: ='ISIAN DATA'!E17 -> 0 | AJ25: ='ISIAN DATA'!F17 -> 0 | AK25: ='ISIAN DATA'!G17 -> 0 | AL25: ='ISIAN DATA'!H17 -> 0 | AM25: ='ISIAN DATA'!I17
A26: 8. | B26: Kelahiran Ke | D26: : | E26: =AI26 -> 1 | F26: 1. | G26: 2. | H26: 3. | I26: 4. | J26: ............................. | AF26: 8. | AG26: Kelahiran Ke | AI26: ='ISIAN DATA'!E18 -> 1 | AJ26: ='ISIAN DATA'!F18 -> 0 | AK26: ='ISIAN DATA'!G18 -> 0 | AL26: ='ISIAN DATA'!H18 -> 0 | AM26: ='ISIAN DATA'!I18
A27: 9. | B27: Penolong Kelahiran | D27: : | E27: 2 | F27: 1.Dokter | J27: 2.Bidan/Perawat | N27: 3.Dukun | R27: 4.Lainnya | AF27: 9. | AG27: Penolong Kelahiran | AI27: ='ISIAN DATA'!E19 | AJ27: ='ISIAN DATA'!F19 -> 0 | AK27: ='ISIAN DATA'!G19 -> 0 | AL27: ='ISIAN DATA'!H19 -> 0 | AM27: ='ISIAN DATA'!I19
A28: 10. | B28: Berat Bayi | D28: : | E28: =MID($AI$28,COLUMNS($AI$28:AI28),1) -> 3 | F28: =MID($AI$28,COLUMNS($AI$28:AJ28),1) -> 0 | G28: =MID($AI$28,COLUMNS($AI$28:AK28),1) -> 0 | H28: =MID($AI$28,COLUMNS($AI$28:AL28),1) -> 0 | I28: gr | AF28: 10. | AG28: Berat Bayi | AI28: ='ISIAN DATA'!E20 -> 3000 | AJ28: ='ISIAN DATA'!F20 -> 0 | AK28: ='ISIAN DATA'!G20 -> 0 | AL28: ='ISIAN DATA'!H20 -> 0 | AM28: ='ISIAN DATA'!I20
A29: 11. | B29: Panjang Bayi | D29: : | E29: =MID($AI$29,COLUMNS($AI$29:AI29),1) -> 4 | F29: =MID($AI$29,COLUMNS($AI$29:AJ29),1) -> 8 | G29: Cm | AF29: 11. | AG29: Panjang Bayi | AI29: ='ISIAN DATA'!E21 -> 48 | AJ29: ='ISIAN DATA'!F21 -> 0 | AK29: ='ISIAN DATA'!G21 -> 0 | AL29: ='ISIAN DATA'!H21 -> 0 | AM29: ='ISIAN DATA'!I21
AI30: ='ISIAN DATA'!E22 -> 0 | AJ30: ='ISIAN DATA'!F22 -> 0 | AK30: ='ISIAN DATA'!G22 -> 0 | AL30: ='ISIAN DATA'!H22 -> 0 | AM30: ='ISIAN DATA'!I22
A31: IBU | AF31: IBU | AI31: ='ISIAN DATA'!E23 -> 0 | AJ31: ='ISIAN DATA'!F23 -> 0 | AK31: ='ISIAN DATA'!G23 -> 0 | AL31: ='ISIAN DATA'!H23 -> 0 | AM31: ='ISIAN DATA'!I23
A32: 1. | B32: NIK | D32: : | E32: =MID($AI$32,COLUMNS($AI$32:AI32),1) -> 3 | F32: =MID($AI$32,COLUMNS($AI$32:AJ32),1) -> 3 | G32: =MID($AI$32,COLUMNS($AI$32:AK32),1) -> 2 | H32: =MID($AI$32,COLUMNS($AI$32:AL32),1) -> 7 | I32: =MID($AI$32,COLUMNS($AI$32:AM32),1) -> 0 | J32: =MID($AI$32,COLUMNS($AI$32:AN32),1) -> 4 | K32: =MID($AI$32,COLUMNS($AI$32:AO32),1) -> 7 | L32: =MID($AI$32,COLUMNS($AI$32:AP32),1) -> 1 | ... U32: =MID($AI$32,COLUMNS($AI$32:AY32),1) | AF32: 1. | AG32: NIK | AI32: ='ISIAN DATA'!E24 -> 3327047103960002 | AJ32: ='ISIAN DATA'!F24 -> 0 | AK32: ='ISIAN DATA'!G24 -> 0 | AL32: ='ISIAN DATA'!H24 -> 0 | AM32: ='ISIAN DATA'!I24
A33: 2. | B33: Nama Lengkap | D33: : | E33: =MID($AI$33,COLUMNS($AI$33:AI33),1) -> K | F33: =MID($AI$33,COLUMNS($AI$33:AJ33),1) -> H | G33: =MID($AI$33,COLUMNS($AI$33:AK33),1) -> A | H33: =MID($AI$33,COLUMNS($AI$33:AL33),1) -> F | I33: =MID($AI$33,COLUMNS($AI$33:AM33),1) -> S | J33: =MID($AI$33,COLUMNS($AI$33:AN33),1) -> O | K33: =MID($AI$33,COLUMNS($AI$33:AO33),1) -> H | L33: =MID($AI$33,COLUMNS($AI$33:AP33),1) | ... W33: =MID($AI$33,COLUMNS($AI$33:BA33),1) | AF33: 2. | AG33: Nama Lengkap | AI33: ='ISIAN DATA'!E25 -> KHAFSOH | AJ33: ='ISIAN DATA'!F25 -> TGL | AK33: ='ISIAN DATA'!G25 -> BLN | AL33: ='ISIAN DATA'!H25 -> THN | AM33: ='ISIAN DATA'!I25 -> UMUR
A34: 3. | B34: Tanggal lahir/Umur | D34: : | E34: Tgl | F34: =MID($AJ$34,COLUMNS($AJ$34:AJ34),1) -> 3 | G34: =MID($AJ$34,COLUMNS($AJ$34:AK34),1) -> 1 | I34: Bln. | J34: =MID($AK$34,COLUMNS($AK$34:AK34),1) -> 0 | K34: =MID($AK$34,COLUMNS($AK$34:AL34),1) -> 3 | M34: Thn. | N34: =MID($AL$34,COLUMNS($AL$34:AL34),1) -> 1 | O34: =MID($AL$34,COLUMNS($AL$34:AM34),1) -> 9 | P34: =MID($AL$34,COLUMNS($AL$34:AN34),1) -> 9 | Q34: =MID($AL$34,COLUMNS($AL$34:AO34),1) -> 6 | S34: Umur | U34: =MID($AM$34,COLUMNS($AM$34:AM34),1) -> 3 | V34: =MID($AM$34,COLUMNS($AM$34:AN34),1) -> 0 | AF34: 3. | AG34: Tanggal lahir/Umur | AI34: ='ISIAN DATA'!E26 -> 0 | AJ34: ='ISIAN DATA'!F26 -> 31 | AK34: ='ISIAN DATA'!G26 -> 03 | AL34: ='ISIAN DATA'!H26 -> 1996 | AM34: ='ISIAN DATA'!I26 -> 30
A35: 4. | B35: Pekerjaan | D35: : | E35: 0 | F35: 1 | AF35: 4. | AG35: Pekerjaan | AI35: ='ISIAN DATA'!E27 -> 01 | AJ35: ='ISIAN DATA'!F27 -> 0 | AK35: ='ISIAN DATA'!G27 -> 0 | AL35: ='ISIAN DATA'!H27 -> 0 | AM35: ='ISIAN DATA'!I27
A36: 5. | B36: Alamat | D36: : | E36: =AI36 -> RT 004 / 004 DESA TAMBI | AF36: 5. | AG36: Alamat | AI36: ='ISIAN DATA'!E28 -> RT 004 / 004 DESA TAMBI | AJ36: ='ISIAN DATA'!F28 -> 0 | AK36: ='ISIAN DATA'!G28 -> 0 | AL36: ='ISIAN DATA'!H28 -> 0 | AM36: ='ISIAN DATA'!I28
E37: a.Desa/Kelurahan | J37: TAMBI | P37: c.Kab./Kota | T37: PEMALANG | AI37: ='ISIAN DATA'!E29 -> 0 | AJ37: ='ISIAN DATA'!F29 -> 0 | AK37: ='ISIAN DATA'!G29 -> 0 | AL37: ='ISIAN DATA'!H29 -> 0 | AM37: ='ISIAN DATA'!I29
E38: b.Kecamatan | J38: WATUKUMPUL | P38: d.Provinsi | T38: JAWA TENGAH | AI38: ='ISIAN DATA'!E30 -> 0 | AJ38: ='ISIAN DATA'!F30 -> 0 | AK38: ='ISIAN DATA'!G30 -> 0 | AL38: ='ISIAN DATA'!H30 -> 0 | AM38: ='ISIAN DATA'!I30
A39: 6. | B39: Kewarganegaraan | D39: : | E39: 1. | G39: 1.WNI | J39: 2.WNA | AF39: 6. | AG39: Kewarganegaraan | AI39: ='ISIAN DATA'!E31 -> 0 | AJ39: ='ISIAN DATA'!F31 -> 0 | AK39: ='ISIAN DATA'!G31 -> 0 | AL39: ='ISIAN DATA'!H31 -> 0 | AM39: ='ISIAN DATA'!I31
A40: 7. | B40: Kebangsaan | D40: : | E40: INDONESIA | AF40: 7. | AG40: Kebangsaan | AI40: ='ISIAN DATA'!E32 -> INDONESIA | AJ40: ='ISIAN DATA'!F32 -> 0 | AK40: ='ISIAN DATA'!G32 -> 0 | AL40: ='ISIAN DATA'!H32 -> 0 | AM40: ='ISIAN DATA'!I32
A41: 8. | B41: Tgl.Pencatatan Perkawinan | D41: : | E41: Tgl. | G41: =MID($AJ$42,COLUMNS($AJ$42:AJ42),1) -> 1 | H41: =MID($AJ$42,COLUMNS($AJ$42:AK42),1) -> 0 | L41: =MID($AK$42,COLUMNS($AK$42:AK42),1) -> 0 | M41: =MID($AK$42,COLUMNS($AK$42:AL42),1) -> 8 | Q41: =MID($AL$42,COLUMNS($AL$42:AL42),1) -> 2 | R41: =MID($AL$42,COLUMNS($AL$42:AM42),1) -> 0 | S41: =MID($AL$42,COLUMNS($AL$42:AN42),1) -> 2 | T41: =MID($AL$42,COLUMNS($AL$42:AO42),1) -> 0 | AF41: 8. | AG41: Tgl.Pencatatan Perkawinan | AI41: ='ISIAN DATA'!E33 -> 0 | AJ41: ='ISIAN DATA'!F33 -> TGL | AK41: ='ISIAN DATA'!G33 -> BLN | AL41: ='ISIAN DATA'!H33 -> THN | AM41: ='ISIAN DATA'!I33 -> UMUR
AI42: ='ISIAN DATA'!E34 -> 0 | AJ42: ='ISIAN DATA'!F34 -> 10 | AK42: ='ISIAN DATA'!G34 -> 08 | AL42: ='ISIAN DATA'!H34 -> 2020 | AM42: ='ISIAN DATA'!I34 -> 6
A43: AYAH | AF43: AYAH | AI43: ='ISIAN DATA'!E35 -> 0 | AJ43: ='ISIAN DATA'!F35 -> 0 | AK43: ='ISIAN DATA'!G35 -> 0 | AL43: ='ISIAN DATA'!H35 -> 0 | AM43: ='ISIAN DATA'!I35
A44: 1. | B44: NIK | D44: : | E44: =MID($AI$44,COLUMNS($AI$44:AI44),1) -> 3 | F44: =MID($AI$44,COLUMNS($AI$44:AJ44),1) -> 3 | G44: =MID($AI$44,COLUMNS($AI$44:AK44),1) -> 2 | H44: =MID($AI$44,COLUMNS($AI$44:AL44),1) -> 7 | I44: =MID($AI$44,COLUMNS($AI$44:AM44),1) -> 0 | J44: =MID($AI$44,COLUMNS($AI$44:AN44),1) -> 4 | K44: =MID($AI$44,COLUMNS($AI$44:AO44),1) -> 2 | L44: =MID($AI$44,COLUMNS($AI$44:AP44),1) -> 5 | ... U44: =MID($AI$44,COLUMNS($AI$44:AY44),1) | AF44: 1. | AG44: NIK | AI44: ='ISIAN DATA'!E36 -> 3327042511940003 | AJ44: ='ISIAN DATA'!F36 -> 0 | AK44: ='ISIAN DATA'!G36 -> 0 | AL44: ='ISIAN DATA'!H36 -> 0 | AM44: ='ISIAN DATA'!I36
A45: 2. | B45: Nama Lengkap | D45: : | E45: =MID($AI$45,COLUMNS($AI$45:AI45),1) -> B | F45: =MID($AI$45,COLUMNS($AI$45:AJ45),1) -> U | G45: =MID($AI$45,COLUMNS($AI$45:AK45),1) -> D | H45: =MID($AI$45,COLUMNS($AI$45:AL45),1) -> I | I45: =MID($AI$45,COLUMNS($AI$45:AM45),1) -> A | J45: =MID($AI$45,COLUMNS($AI$45:AN45),1) -> N | K45: =MID($AI$45,COLUMNS($AI$45:AO45),1) -> T | L45: =MID($AI$45,COLUMNS($AI$45:AP45),1) -> O | ... AA45: =MID($AI$45,COLUMNS($AI$45:BE45),1) | AF45: 2. | AG45: Nama Lengkap | AI45: ='ISIAN DATA'!E37 -> BUDIANTO | AJ45: ='ISIAN DATA'!F37 -> 0 | AK45: ='ISIAN DATA'!G37 -> 0 | AL45: ='ISIAN DATA'!H37 -> 0 | AM45: ='ISIAN DATA'!I37
A46: 3. | B46: Tanggal lahir/Umur | D46: : | E46: Tgl | F46: =MID($AJ$47,COLUMNS($AJ$47:AJ47),1) -> 2 | G46: =MID($AJ$47,COLUMNS($AJ$47:AK47),1) -> 5 | I46: Bln. | J46: =MID($AK$47,COLUMNS($AK$47:AK47),1) -> 1 | K46: =MID($AK$47,COLUMNS($AK$47:AL47),1) -> 1 | M46: Thn. | N46: =MID($AL$47,COLUMNS($AL$47:AL47),1) -> 1 | O46: =MID($AL$47,COLUMNS($AL$47:AM47),1) -> 9 | P46: =MID($AL$47,COLUMNS($AL$47:AN47),1) -> 9 | Q46: =MID($AL$47,COLUMNS($AL$47:AO47),1) -> 4 | S46: Umur | U46: =MID($AM$47,COLUMNS($AM$47:AM47),1) -> 3 | V46: =MID($AM$47,COLUMNS($AM$47:AN47),1) -> 2 | AF46: 3. | AG46: Tanggal lahir/Umur | AI46: ='ISIAN DATA'!E38 -> 0 | AJ46: ='ISIAN DATA'!F38 -> TGL | AK46: ='ISIAN DATA'!G38 -> BLN | AL46: ='ISIAN DATA'!H38 -> THN | AM46: ='ISIAN DATA'!I38 -> UMUR
A47: 4. | B47: Pekerjaan | D47: : | E47: =MID($AI$47,COLUMNS($AI$48:AI48),1) -> 0 | F47: =MID($AI$47,COLUMNS($AI$48:AJ48),1) -> 9 | AF47: 4. | AG47: Pekerjaan | AI47: ='ISIAN DATA'!E39 -> 09 | AJ47: ='ISIAN DATA'!F39 -> 25 | AK47: ='ISIAN DATA'!G39 -> 11 | AL47: ='ISIAN DATA'!H39 -> 1994 | AM47: ='ISIAN DATA'!I39 -> 32
A48: 5. | B48: Alamat | D48: : | E48: =AI48 -> RT 004 / 004 DESA TAMBI | AF48: 5. | AG48: Alamat | AI48: ='ISIAN DATA'!E40 -> RT 004 / 004 DESA TAMBI
E49: a.Desa/Kelurahan | J49: TAMBI | P49: c.Kab./Kota | T49: PEMALANG | AI49: ='ISIAN DATA'!E41 -> 0
E50: b.Kecamatan | J50: WATUKUMPUL | P50: d.Provinsi | T50: JAWA TENGAH | AI50: ='ISIAN DATA'!E42 -> 0
A51: 6. | B51: Kewarganegaraan | D51: : | E51: 1. | G51: 1.WNI | J51: 2.WNA | AF51: 6. | AG51: Kewarganegaraan | AI51: ='ISIAN DATA'!E43 -> 0
A52: 7. | B52: Kebangsaan | D52: : | E52: INDONESIA | AF52: 7. | AG52: Kebangsaan | AI52: ='ISIAN DATA'!E44 -> INDONESIA
AI53: ='ISIAN DATA'!E45 -> 0
A54: PELAPOR | AF54: PELAPOR | AI54: ='ISIAN DATA'!E46 -> 0
A55: 1. | B55: NIK | D55: : | E55: =MID($AI$55,COLUMNS($AI$55:AI55),1) -> 3 | F55: =MID($AI$55,COLUMNS($AI$55:AJ55),1) -> 3 | G55: =MID($AI$55,COLUMNS($AI$55:AK55),1) -> 2 | H55: =MID($AI$55,COLUMNS($AI$55:AL55),1) -> 7 | I55: =MID($AI$55,COLUMNS($AI$55:AM55),1) -> 0 | J55: =MID($AI$55,COLUMNS($AI$55:AN55),1) -> 4 | K55: =MID($AI$55,COLUMNS($AI$55:AO55),1) -> 2 | L55: =MID($AI$55,COLUMNS($AI$55:AP55),1) -> 5 | ... U55: =MID($AI$55,COLUMNS($AI$55:AY55),1) | AF55: 1. | AG55: NIK | AI55: ='ISIAN DATA'!E47 -> 3327042511940003
A56: 2. | B56: Nama Lengkap | D56: : | E56: =MID($AI$56,COLUMNS($AI$56:AI56),1) -> B | F56: =MID($AI$56,COLUMNS($AI$56:AJ56),1) -> U | G56: =MID($AI$56,COLUMNS($AI$56:AK56),1) -> D | H56: =MID($AI$56,COLUMNS($AI$56:AL56),1) -> I | I56: =MID($AI$56,COLUMNS($AI$56:AM56),1) -> A | J56: =MID($AI$56,COLUMNS($AI$56:AN56),1) -> N | K56: =MID($AI$56,COLUMNS($AI$56:AO56),1) -> T | L56: =MID($AI$56,COLUMNS($AI$56:AP56),1) -> O | ... V56: =MID($AI$56,COLUMNS($AI$56:AZ56),1) | AF56: 2. | AG56: Nama Lengkap | AI56: ='ISIAN DATA'!E48 -> BUDIANTO
A57: 3. | B57: Umur | D57: : | E57: =MID($AI$57,COLUMNS($AI$57:AI57),1) -> 3 | F57: =MID($AI$57,COLUMNS($AI$57:AJ57),1) -> 2 | H57: Tahun | AF57: 3. | AG57: Umur | AI57: ='ISIAN DATA'!E49 -> 32
A58: 4. | B58: Jens Kelamin | D58: : | E58: =MID($AI$57,COLUMNS($AI$57:AI58),1) -> 3 | F58: 1. Laki-laki | J58: 2. Perempuan | AF58: 4. | AG58: Jens Kelamin | AI58: ='ISIAN DATA'!E50 -> 04
A59: 5. | B59: Pekerjaan | D59: : | E59: =MID($AI$58,COLUMNS($AI$58:AI59),1) -> 0 | F59: =MID($AI$58,COLUMNS($AI$58:AJ59),1) -> 4 | AF59: 5. | AG59: Pekerjaan | AI59: ='ISIAN DATA'!E51 -> 09
A60: 6. | B60: Alamat | D60: : | E60: =AI60 -> RT 004 / 004 DESA TAMBI | AF60: 6. | AG60: Alamat | AI60: ='ISIAN DATA'!E52 -> RT 004 / 004 DESA TAMBI
E61: a.Desa/Kelurahan | J61: TAMBI | P61: c.Kab./Kota | T61: PEMALANG | AI61: ='ISIAN DATA'!E53 -> 0
E62: b.Kecamatan | J62: WATUKUMPUL | P62: d.Provinsi | T62: JAWA TENGAH | AI62: ='ISIAN DATA'!E54 -> 0
AI63: ='ISIAN DATA'!E55 -> 0
A64: SAKSI I | AF64: SAKSI I | AI64: ='ISIAN DATA'!E56 -> 0
A65: 1. | B65: NIK | D65: : | E65: =MID($AI$65,COLUMNS($AI$65:AI65),1) -> 3 | F65: =MID($AI$65,COLUMNS($AI$65:AJ65),1) -> 3 | G65: =MID($AI$65,COLUMNS($AI$65:AK65),1) -> 2 | H65: =MID($AI$65,COLUMNS($AI$65:AL65),1) -> 7 | I65: =MID($AI$65,COLUMNS($AI$65:AM65),1) -> 0 | J65: =MID($AI$65,COLUMNS($AI$65:AN65),1) -> 4 | K65: =MID($AI$65,COLUMNS($AI$65:AO65),1) -> 2 | L65: =MID($AI$65,COLUMNS($AI$65:AP65),1) -> 1 | ... U65: =MID($AI$65,COLUMNS($AI$65:AY65),1) | AF65: 1. | AG65: NIK | AI65: ='ISIAN DATA'!E57 -> 3327042110890001
A66: 2. | B66: Nama Lengkap | D66: : | E66: =MID($AI$66,COLUMNS($AI$66:AI66),1) -> C | F66: =MID($AI$66,COLUMNS($AI$66:AJ66),1) -> H | G66: =MID($AI$66,COLUMNS($AI$66:AK66),1) -> A | H66: =MID($AI$66,COLUMNS($AI$66:AL66),1) -> L | I66: =MID($AI$66,COLUMNS($AI$66:AM66),1) -> I | J66: =MID($AI$66,COLUMNS($AI$66:AN66),1) -> M | K66: =MID($AI$66,COLUMNS($AI$66:AO66),1) | L66: =MID($AI$66,COLUMNS($AI$66:AP66),1) -> M | ... AC66: =MID($AI$66,COLUMNS($AI$66:BG66),1) | AF66: 2. | AG66: Nama Lengkap | AI66: ='ISIAN DATA'!E58 -> CHALIM MUCHTAROM
A67: 3. | B67: Umur | D67: : | E67: 3 | F67: 5 | H67: Tahun | AF67: 3. | AG67: Umur | AI67: ='ISIAN DATA'!E59 -> 35
A68: 4. | B68: Pekerjaan | D68: : | E68: 8 | F68: 5 | AF68: 4. | AG68: Pekerjaan | AI68: ='ISIAN DATA'!E60 -> 0
A69: 5. | B69: Alamat | D69: : | E69: =AI69 -> RT 002/001 DESA TAMBI | AF69: 5. | AG69: Alamat | AI69: ='ISIAN DATA'!E61 -> RT 002/001 DESA TAMBI
E70: a.Desa/Kelurahan | J70: TAMBI | P70: c.Kab./Kota | T70: PEMALANG | AI70: ='ISIAN DATA'!E62 -> 0
E71: b.Kecamatan | J71: WATUKUMPUL | P71: d.Provinsi | T71: JAWA TENGAH | AI71: ='ISIAN DATA'!E63 -> 0
AI72: ='ISIAN DATA'!E64 -> 0
A73: SAKSI II | AF73: SAKSI II | AI73: ='ISIAN DATA'!E65 -> 0
A74: 1. | B74: NIK | D74: : | E74: =MID($AI$74,COLUMNS($AI$74:AI74),1) -> 3 | F74: =MID($AI$74,COLUMNS($AI$74:AJ74),1) -> 3 | G74: =MID($AI$74,COLUMNS($AI$74:AK74),1) -> 2 | H74: =MID($AI$74,COLUMNS($AI$74:AL74),1) -> 7 | I74: =MID($AI$74,COLUMNS($AI$74:AM74),1) -> 0 | J74: =MID($AI$74,COLUMNS($AI$74:AN74),1) -> 4 | K74: =MID($AI$74,COLUMNS($AI$74:AO74),1) -> 0 | L74: =MID($AI$74,COLUMNS($AI$74:AP74),1) -> 7 | ... T74: =MID($AI$74,COLUMNS($AI$74:AX74),1) -> 3 | AF74: 1. | AG74: NIK | AI74: ='ISIAN DATA'!E66 -> 3327040704710003
A75: 2. | B75: Nama Lengkap | D75: : | E75: =MID($AI$75,COLUMNS($AI$75:AI75),1) -> W | F75: =MID($AI$75,COLUMNS($AI$75:AJ75),1) -> A | G75: =MID($AI$75,COLUMNS($AI$75:AK75),1) -> H | H75: =MID($AI$75,COLUMNS($AI$75:AL75),1) -> U | I75: =MID($AI$75,COLUMNS($AI$75:AM75),1) -> R | J75: =MID($AI$75,COLUMNS($AI$75:AN75),1) -> I | K75: =MID($AI$75,COLUMNS($AI$75:AO75),1) | L75: =MID($AI$75,COLUMNS($AI$75:AP75),1) | ... Y75: =MID($AI$75,COLUMNS($AI$75:BC75),1) | AF75: 2. | AG75: Nama Lengkap | AI75: ='ISIAN DATA'!E67 -> WAHURI
A76: 3. | B76: Umur | D76: : | E76: =MID($AI$76,COLUMNS($AI$76:AI76),1) -> 5 | F76: =MID($AI$76,COLUMNS($AI$76:AJ76),1) -> 4 | H76: Tahun | AF76: 3. | AG76: Umur | AI76: ='ISIAN DATA'!E68 -> 54
A77: 4. | B77: Pekerjaan | D77: : | E77: 8 | F77: 5 | AF77: 4. | AG77: Pekerjaan | AI77: ='ISIAN DATA'!E69 -> 0
A78: 5. | B78: Alamat | D78: : | E78: RT 001/RW 001 DESA TAMBI | AF78: 5. | AG78: Alamat | AI78: ='ISIAN DATA'!E70 -> 0
E79: a.Desa/Kelurahan | J79: TAMBI | P79: c.Kab./Kota | T79: PEMALANG | AI79: ='ISIAN DATA'!E71 -> 0
E80: b.Kecamatan | J80: WATUKUMPUL | P80: d.Provinsi | T80: JAWA TENGAH | AI80: ='ISIAN DATA'!E72 -> Tambi, 16 Juli 2026
AI81: ='ISIAN DATA'!E73 -> 0
E87: Mengetahui: | U87: ='ISIAN DATA'!E72 -> Tambi, 16 Juli 2026
E88: Kepala Desa Tambi | U88: Pelapor
E93: JURI | U93: =AI56 -> BUDIANTO

Sheet RAB LAPANGAN
B2: RAB
G3: 80000000
D4: Jam
B5: Sewa Alat Berat | C5: 1921000 | D5: 7 | E5: =C5/D5 -> 274428.57 | F5: 28 | G5: =C5*F5 -> 53788000 | H5: =G5*13% -> 6992440
B6: Operator | C6: 250000 | D6: 1 | F6: 28 | G6: =C6*F6 -> 7000000
B7: Dum Truc 2 unit | C7: 452000 | D7: 1 | F7: 26 | G7: =C7*F7 -> 11752000 | H7: =G7*13% -> 1527760
B8: Mob demob | C8: 6000000 | D8: 1 | G8: =C8*D8 -> 6000000 | H8: =G8*13% -> 780000
G11: =SUM(G5:G10) -> 78540000 | H11: =SUM(H5:H10) -> 9300200
B13: RIL | H13: =G3-G11 -> 1460000
D15: Jam
B16: Sewa Alat Berat | C16: 1921000 | D16: 7 | E16: =C16/D16 -> 274428.57 | F16: 28 | G16: =C16*F16 -> 53788000 | H16: =G16*13% -> 6992440
B17: Operator | C17: 250000 | D17: 1 | F17: 28 | G17: =C17*F17 -> 7000000
B18: Dum Truc 2 unit | C18: 452000 | D18: 2 | F18: 28 | G18: =C18*D18*F18 -> 25312000 | H18: =G18*13% -> 3290560
B19: Mob demob | C19: 6000000 | D19: 1 | G19: =C19*D19 -> 6000000 | H19: =G19*13% -> 780000
B20: Mandor | C20: 95000 | F20: 20 | G20: =C20*F20 -> 1900000
B21: Pekerja | C21: 80000 | F21: 28 | G21: =C21*F21 -> 2240000
B22: Bambiu | C22: 1000000 | F22: 1 | G22: =C22*F22 -> 1000000
G27: =SUM(G16:G26) -> 97240000 | H27: =SUM(H16:H26) -> 11063000
B31: SILTAP DES | C31: 23700000 | D31: 1 | F31: =C31*D31 -> 23700000
B32: TUNJANGAN | C32: 2150000 | D32: 1 | F32: =C32*D32 -> 2150000
B34: SIL.KAPEL | C34: 2200000 | D34: 8 | F34: =C34*D34 -> 17600000 | G34: =F34+F35 -> 19360000
B35: TUN.KAPEL | C35: 220000 | D35: 8 | F35: =C35*D35 -> 1760000
B37: TUKIN BPD | C37: 420000 | D37: 1 | F37: =C37*D37 -> 420000
F40: =SUM(F31:F39) -> 45630000
B41: SALDO REK | C41: 61094012 | F41: =C41-F40 -> 15464012
B42: PBJ | F42: 4915000
F43: =F41-F42 -> 10549012
B47: CAMAT | C47: 500000 | D47: 1 | F47: =C47*D47 -> 500000
B48: SEKCAM | C48: 300000 | D48: 1 | F48: =C48*D48 -> 300000
B49: ROM KC | C49: 250000 | D49: 5 | F49: =C49*D49 -> 1250000
B50: PUL | C50: 200000 | D50: 3 | F50: =C50*D50 -> 600000
B51: KOR | C51: 200000 | D51: 3 | F51: =C51*D51 -> 600000
B52: PERANGKAT | C52: 200000 | D52: 10 | F52: =C52*D52 -> 2000000
B53: BPD | C53: 200000 | D53: 5 | F53: =C53*D53 -> 1000000
B54: RT/RW | C54: 50000 | D54: 20 | F54: =C54*D54 -> 1000000
B55: PANITIA | C55: 300000 | D55: 7 | F55: =C55*D55 -> 2100000
B56: LEBAGA | C56: 50000 | D56: 10 | F56: =C56*D56 -> 500000
F57: =C57*D57 -> 0
F58: =C58*D58 -> 0
F59: =C59*D59 -> 0
B60: KONS | C60: 30000 | D60: 100 | F60: =C60*D60 -> 3000000
F61: =SUM(F47:F60) -> 12850000
C63: 10701800
C64: 7741800
C65: =C63-C64 -> 2960000

Sheet Sheet5

Sheet Sheet1
B3: SURAT PERNYATAAN BELUM PERNAH MENIKAH
B6: Yang bertanda tangan dibawah ini saya:
B8: Nama lengkap | C8: : | D8: ..............................................................................
B9: Tempat dan Tanggal lahir | C9: : | D9: ..............................................................................
B10: Warganegara | C10: : | D10: ..............................................................................
B11: Agama | C11: : | D11: ..............................................................................
B12: No..NIK | C12: : | D12: ..............................................................................
B13: Pekerjaan | C13: : | D13: ..............................................................................
B14: Alamat | C14: : | D14: ..............................................................................
D15: ..............................................................................
B17: Menyatakan dengan sebenar-benarnya bahwa saya sampai saat ini belum pernah
B18: menikah dengan siapapun baik secara adat hukum Agama,maupun hukum Negara
B19: dan benar--benar masih bersetatus :PERJAKA ( Bujang ).
B21: Demikianlah,surat pernyataan ini saya buat dengan sebenar-benarnya tanpa ada
B22: paksaan dari siapapun,apabila di kemudian hari ternyata pernyataan ini tidak benar,
B23: maka saya siap dituntut sesuai deengan Hukum yang berlaku.
G27: Tambi, ........................................
G29: Yang menyatakan
G33: .............................................
B34: Saksi-saksi
B36: 1........................... | D36: (..........................)
B38: 2........................... | D38: (..........................)
E42: Mengetahui:
E43: Kepala Desa/Lurah Tambi
E48: S O B I Y A H
B74: SURAT PERNYATAAN BELUM PERNAH MENIKAH
B77: Yang bertanda tangan dibawah ini saya:
B79: Nama lengkap | C79: : | D79: DWI JOKO MUARA SABDA
B80: Tempat dan Tanggal lahir | C80: : | D80: Pemalang,28 Agustus 1993
B81: Warganegara | C81: : | D81: Indonesia
B82: Agama | C82: : | D82: Islam
B83: No..NIK | C83: : | D83: 3327042808930000
B84: Pekerjaan | C84: : | D84: POLRI
B85: Alamat | C85: : | D85: Desa Tambi RT.006 RW.001 Kecamatan Watukumpul
D86: Kabupaten Pemalang
B88: Menyatakan dengan sebenar-benarnya bahwa saya sampai saat ini belum pernah
B89: menikah dengan siapapun baik secara adat hukum Agama,maupun hukum Negara
B90: dan benar--benar masih bersetatus :PERJAKA ( Bujang ).
B92: Demikianlah,surat pernyataan ini saya buat dengan sebenar-benarnya tanpa ada
B93: paksaan dari siapapun,apabila di kemudian hari ternyata pernyataan ini tidak benar,
B94: maka saya siap dituntut sesuai deengan Hukum yang berlaku.
G98: Tambi, 02 Agustus 2017
G100: Yang menyatakan
G104: DWI JOKO MUARA SABDA
B105: Saksi-saksi
B107: 1.Saryono | D107: (..........................)
B109: 2.Juli Santoso | D109: (..........................)
E113: Mengetahui:
E114: Kepala Desa/Lurah Tambi
E118: S O B I Y A H

Sheet FOM.KK
AZ2: F-1.01
Q3: PEMERINTAH KABUPATEN PEMALANG
Q5: FORMULIR ISIAN BIODATA PENDUDUK UNTUK WNI (PER KELUARGA)
AT8: Diisi Oleh Petugas
B10: DATA KEPALA KELUARGA | AN10: Kode - Nama Provinsi | AR10: : | AT10: 3 | AU10: 3 | AZ10: JAWA TENGAH
B12: Nama Kepala Keluarga | G12: : | AN12: Kode - Nama Kabupaten | AR12: : | AT12: 2 | AU12: 7 | AZ12: PEMALANG
B14: Alamat | G14: : | H14: DESA TAMBI RT 00 RW 00 KECAMATAN WATUKUMPUL | AN14: Kode - Nama Kecamatan | AR14: : | AT14: 4 | AU14: 0 | AZ14: WATUKUMPUL
B16: Kode Pos | G16: : | H16: 5 | I16: 2 | J16: 3 | L16: 5 | M16: 7 | P16: RT | Q16: 0 | X16: RW | Y16: 0 | AC16: Jumlah Anggota Keluarga | AH16: 1 | AI16: 2 | AK16: Orang | AN16: Kode - Nama Desa/Kelurahan | AR16: : | AT16: 0 | AU16: 0 | AW16: 1 | AX16: 1 | AZ16: TAMBI
B18: Telepon | G18: : | AN18: Kode Dusun/Dukuh/Kampung/ | AR18: :
AN19: Lingkungan/Banjar/Nagari
B20: DATA KELUARGA
B22: No | C22: Nama Lengkap | W22: Nomor KTP/Nopen | AD22: Nama Lengkap Ibu | AQ22: NIK Ayah | AY22: Nama Lengkap Ayah
B24: 1 | C24: 2 | W24: 3 | AD24: 4 | AQ24: 5 | AY24: 6
B25: 1 | C25: SARYONO
B26: 2
B27: 3
B28: 4
B29: 5
B30: 6
B31: 7
B32: 8
B33: 9
B34: 10
B36: No | C36: Jenis Kelamin | G36: Tempat Lahir | R36: Tanggal/Bulan/ Tahun Lahir | X36: Umur | Y36: Akta Lahir/ Surat Lahir | AB36: Nomor Akta Kelahiran Surat Kenal Lahir | AD36: Golongan Darah | AG36: Agama | AJ36: Status Perkawinan | AM36: Akta Perkwn/ Buku Nikah*) | AP36: Nomor Akta Perkawinan/ Buku Nikah*) | AS36: Tanggal Perkawinan | AV36: Akta Cerai/ Surat Cerai*) | AY36: Nomor Akta Perceraian/ Surat Cerai*) | BB36: Tanggal Perceraian
C38: 7 | G38: 8 | R38: 9 | X38: 10 | Y38: 11 | AB38: 12 | AD38: 13 | AG38: 14 | AJ38: 15 | AM38: 16 | AP38: 17 | AS38: 18 | AV38: 19 | AY38: 20 | BB38: 21
B39: 1
B40: 2
B41: 3
B42: 4
B43: 5
B44: 6
B45: 7
B46: 8
B47: 9
B48: 10
B50: No | C50: Status Hub. Dlm Keluarga | G50: Kelainan Fisik & Mental | K50: Penyandang Cacat | O50: Pendidikan Terakhir | S50: Pekerjaan | W50: NIK Ibu | AD50: Nama Lengkap Ibu | AQ50: NIK Ayah | AY50: Nama Lengkap Ayah
C52: 22 | G52: 23 | K52: 24 | O52: 25 | S52: 26 | W52: 27 | AD52: 28 | AQ52: 29 | AY52: 30
B53: 1
B54: 2
B55: 3
B56: 4
B57: 5
B58: 6
B59: 7
B60: 8
B61: 9
B62: 10
B65: Nama Ketua RT | F65: : | Y65: Petugas | AT65: Tambi,...............................................
Y66: (Kabupaten /Kota atau Kecamatan atau Desa/Kelurahan | AT66: Kepala Keluarga
B67: Nama Ketua RW | F67: :
Y70: ......................................... | AT70: ........................................

Sheet Sheet2
D3: FORMAT ISIAN DATA
D4: LEMBAGA SOSIIAL KEMASYARAKATAN
D5: Rukun Warga (RW) Dan Rukun Tetangga (RT)
B7: Jumlah RW : 4 (Empat) | D7: Jumlah RT : 16 (Enam belas)
B10: DESA : | C10: TAMBI | D10: KECAMATAN : | E10: WATUKUMPUL
B12: Dengan Rincian Sebagai Berikut:
B14: No.RW | C14: Nama Ketua RW | D14: No.RT | E14: Nama Ketua RT
B16: RW.001 | C16: NUROKIB | D16: RT 001 | E16: DUROJAT
D17: RT 002 | E17: MUNASROH
D18: RT 003 | E18: RASMADI
D19: RT 014 | E19: ALI MUSTAKIM
B22: RW .002 | C22: TURI | D22: RT.010 | E22: MARSONO
D23: RT.011 | E23: SANARDI
D24: RT.012 | E24: RASID | G24: ab
D25: RT.016 | E25: RISWANTO
B28: RW.003 | C28: ROBIL | D28: RT.004 | E28: DIRIN
D29: RT.005 | E29: SUPARJO
D30: RT.006 | E30: SURURI
D31: RT.008 | E31: SURAHMAN
B34: RW.004 | C34: TOHIR | D34: RT.007 | E34: WARSO
D35: RT.009 | E35: SUNARSO
D36: RT.013 | E36: DIRSO
D37: RT.015 | E37: RASMINTO
D42: Tambi,10 Nopember 2017
D44: Kepala Desa Tambi
D48: SOBIYAH

Sheet Sheet3
Z2: KODE.F-2.01
C3: Desa/Kelurahan | F3: : | G3: TAMBI | V3: Ket: | W3: Lembar 1 | Y3: : | Z3: Untuk yang bersangkutan
C4: Kecamatan | F4: : | G4: WATUKUMPUL | W4: Lembar 2 | Y4: : | Z4: Desa/Kelurahan
C5: Pemerintah Kabupaten | F5: : | G5: PEMALANG | W5: Lembar 3 | Y5: : | Z5: Kecamatan
C7: Kode Wilayah | F7: : | G7: 3 | H7: 3 | I7: 2 | J7: 7 | K7: 0 | L7: 4 | M7: 0 | N7: 1 | O7: 1
C10: SURAT KETERANGAN KELAHIRAN
C12: Nama Kepala Keluarga | F12: : | G12: W | H12: A | I12: R | J12: Y | K12: O | L12: N | M12: O
C13: Nomor Kartu Keluarga | F13: : | G13: 3 | H13: 3 | I13: 2 | J13: 7 | K13: 0 | L13: 4 | M13: 2 | N13: 9 | O13: 0 | P13: 9 | Q13: 1 | R13: 6 | S13: 0 | T13: 0 | U13: 0 | V13: 3
C15: BAYI/ANAK
C17: 1. | D17: Nama | F17: : | G17: M | H17: A | I17: H | J17: E | K17: N | L17: D | M17: R | N17: A | P17: A | Q17: L | S17: F | T17: A | U17: I | V17: Z | W17: A | X17: R
C18: 2. | D18: Jenis Kelamin | F18: : | G18: 1 | H18: 1. Laki-laki | L18: 2. Perempuan
C19: 3. | D19: Tempat dilahirkanl | F19: : | G19: 2 | H19: 1.RS/RB | L19: 2.Puskesmas | P19: 3.Polindes | T19: 4.Rumah | Y19: 5.Lainnya
C20: 4. | D20: Tempat Kelahiran | F20: : | G20: P | H20: E | I20: M | J20: A | K20: L | L20: A | M20: N | N20: G
C21: 5. | D21: Hari dan Tanggal lahir | F21: : | G21: Hari | I21: S | J21: E | K21: L | L21: A | M21: S | N21: A | P21: Tgl | R21: 1 | S21: 3 | U21: Bln | W21: 0 | X21: 3 | Z21: Thn | AB21: 2 | AC21: 0 | AD21: 1 | AE21: 8
C22: 6. | D22: Pukul | F22: : | G22: 1 | H22: 4 | I22: 1 | J22: 0
C23: 7. | D23: Jenis Kelahiran | F23: : | G23: 1. | H23: 1.Tunggal | L23: 2.Kembar 2 | P23: 3.Kembar 3 | T23: 4.Kembar 4 | Y23: 5.Lainnya
C24: 8. | D24: Kelahiran Ke | F24: : | G24: 2 | H24: 1. | I24: 2. | J24: 3. | K24: 4. | L24: .............................
C25: 9. | D25: Penolong Kelahhiran | F25: : | G25: 2 | H25: 1.Dokter | L25: 2.Bidan/Perawat | P25: 3.Dukun | T25: 4.Lainnya
C26: 10. | D26: Berat Bayi | F26: : | G26: 3 | H26: , | I26: 2 | J26: 0 | K26: Kg
C27: 11. | D27: Panjang Bayi | F27: : | G27: 4 | H27: 8 | I27: Cm
C29: IBU
C30: 1. | D30: NIK | F30: : | G30: 3 | H30: 3 | I30: 2 | J30: 7 | K30: 0 | L30: 4 | M30: 4 | N30: 9 | O30: 1 | P30: 0 | Q30: 3 | R30: 0 | S30: 0 | T30: 0 | U30: 0 | V30: 3
C31: 2. | D31: Nama Lengkap | F31: : | G31: R | H31: O | I31: I | J31: L | K31: A | L31: H
C32: 3. | D32: Tanggal lahir/Umur | F32: : | G32: Tgl | H32: 0 | I32: 9 | L32: 1 | M32: 0 | O32: Thn. | P32: 1 | Q32: 9 | R32: 9 | S32: 3 | U32: Umur | W32: 2 | X32: 5
C33: 4. | D33: Pekerjaan | F33: : | G33: 0 | H33: 2
C34: 5. | D34: Alamat | F34: :
G35: a.Desa/Kelurahan | L35: TAMBI | R35: c.Kab./Kota | V35: PEMALANG
G36: b.Kecamatan | L36: WATUKUMPUL | R36: d.Provinsi | V36: JAWA TENGAH
C37: 6. | D37: Kewarganegaraan | F37: : | G37: 1. | I37: 1.WNI | L37: 2.WNA
C38: 7. | D38: Kebangsaan | F38: : | G38: INDONESIA
C39: 8. | D39: Tgl.Pencatatan Perkawinan | F39: : | G39: Tgl. | L39: Bln. | Q39: Thn.
C41: AYAH
C42: 1. | D42: NIK | F42: : | G42: 3 | H42: 3 | I42: 2 | J42: 7 | K42: 0 | L42: 4 | M42: 0 | N42: 2 | O42: 0 | P42: 8 | Q42: 8 | R42: 7 | S42: 0 | T42: 0 | U42: 0 | V42: 1
C43: 2. | D43: Nama Lengkap | F43: : | G43: N | H43: A | I43: S | J43: O | K43: R
C44: 3. | D44: Tanggal lahir/Umur | F44: : | G44: Tgl | H44: 0 | I44: 2 | K44: Bln. | L44: 0 | M44: 8 | O44: Thn. | P44: 1 | Q44: 9 | R44: 8 | S44: 7 | U44: Umur | W44: 3 | X44: 1
C45: 4. | D45: Pekerjaan | F45: : | G45: 2 | H45: 0
C46: 5. | D46: Alamat | F46: :
G47: a.Desa/Kelurahan | L47: TAMBI | R47: c.Kab./Kota | V47: PEMALANG
G48: b.Kecamatan | L48: WATUKUMPUL | R48: d.Provinsi | V48: JAWA TENGAH
C49: 6. | D49: Kewarganegaraan | F49: : | G49: 1. | I49: 1.WNI | L49: 2.WNA
C50: 7. | D50: Kebangsaan | F50: : | G50: INDONESIA
C52: PELAPOR
C53: 1. | D53: NIK | F53: : | G53: 3 | H53: 3 | I53: 2 | J53: 7 | K53: 0 | L53: 4 | M53: 1 | N53: 1 | O53: 0 | P53: 6 | Q53: 8 | R53: 9 | S53: 0 | T53: 0 | U53: 0 | V53: 6
C54: 2. | D54: Nama Lengkap | F54: : | G54: W | H54: A | I54: R | J54: Y | K54: O | L54: N | M54: O
C55: 3. | D55: Umur | F55: : | G55: 2 | H55: 9 | J55: Tahun
C56: 4. | D56: Jens Kelamin | F56: : | G56: 1. | H56: 1. Laki-laki | L56: 2. Perempuan
C57: 5. | D57: Pekerjaan | F57: : | G57: 2 | H57: 0
C58: 6. | D58: Alamat | F58: :
G59: a.Desa/Kelurahan | L59: TAMBI | R59: c.Kab./Kota | V59: PEMALANG
G60: b.Kecamatan | L60: WATUKUMPUL | R60: d.Provinsi | V60: JAWA TENGAH
C62: SAKSI I
C63: 1. | D63: NIK | F63: : | G63: 3 | H63: 3 | I63: 2 | J63: 7 | K63: 0 | L63: 4 | M63: 0 | N63: 1 | O63: 0 | P63: 7 | Q63: 5 | R63: 1 | S63: 0 | T63: 0 | U63: 4 | V63: 6
C64: 2. | D64: Nama Lengkap | F64: : | G64: M | H64: I | I64: N | J64: A | K64: R | L64: J | M64: O
C65: 3. | D65: Umur | F65: : | G65: 6 | H65: 7 | J65: Tahun
C66: 4. | D66: Pekerjaan | F66: : | G66: 2 | H66: 0
C67: 5. | D67: Alamat | F67: :
G68: a.Desa/Kelurahan | L68: TAMBI | R68: c.Kab./Kota | V68: PEMALANG
G69: b.Kecamatan | L69: WATUKUMPUL | R69: d.Provinsi | V69: JAWA TENGAH
C71: SAKSI II
C72: 1. | D72: NIK | F72: : | G72: 3 | H72: 3 | I72: 2 | J72: 7 | K72: 0 | L72: 4 | M72: 1 | N72: 5 | O72: O | P72: 2 | Q72: 7 | R72: 9 | S72: 0 | T72: 0 | U72: 0 | V72: 4
C73: 2. | D73: Nama Lengkap | F73: : | G73: J | H73: U | I73: L | J73: I | L73: S | M73: A | N73: N | O73: T | P73: O | Q73: S | R73: O
C74: 3. | D74: Umur | F74: : | G74: 3 | H74: 9 | J74: Tahun
C75: 4. | D75: Pekerjaan | F75: : | G75: 8 | H75: 5
C76: 5. | D76: Alamat | F76: :
G77: a.Desa/Kelurahan | L77: TAMBI | R77: c.Kab./Kota | V77: PEMALANG
G78: b.Kecamatan | L78: WATUKUMPUL | R78: d.Provinsi | V78: JAWA TENGAH
W81: Tambi,18 Maret 2018
G83: Mengetahui: | W83: Pelapor
F84: an. | G84: Kepala Desa Tambi
G85: Sekretaris Desa
G89: SARYONO | W89: WARYONO
Z106: KODE.F-2.01
C107: Desa/Kelurahan | F107: : | G107: TAMBI | V107: Ket: | W107: Lembar 1 | Y107: : | Z107: Untuk yang bersangkutan
C108: Kecamatan | F108: : | G108: WATUKUMPUL | W108: Lembar 2 | Y108: : | Z108: Desa/Kelurahan
C109: Pemerintah Kabupaten | F109: : | G109: PEMALANG | W109: Lembar 3 | Y109: : | Z109: Kecamatan
C111: Kode Wilayah | F111: : | G111: 3 | H111: 3 | I111: 2 | J111: 7 | K111: 0 | L111: 4 | M111: 0 | N111: 1 | O111: 1
C114: SURAT KETERANGAN KELAHIRAN
C116: Nama Kepala Keluarga | F116: : | G116: N | H116: A | I116: S | J116: O | K116: R
C117: Nomor Kartu Keluarga | F117: : | G117: 3 | H117: 3 | I117: 2 | J117: 7 | K117: 0 | L117: 4 | M117: 1 | N117: 2 | O117: 0 | P117: 1 | Q117: 1 | R117: 2 | S117: 0 | T117: 0 | U117: 1 | V117: 5
C119: BAYI/ANAK
C121: 1. | D121: Nama | F121: : | G121: N | H121: A | I121: UR | J121: A | L121: S | M121: A | N121: L | O121: S | P121: A | Q121: B | R121: I | S121: L | T121: A
C122: 2. | D122: Jenis Kelamin | F122: : | G122: 2 | H122: 1. Laki-laki | L122: 2. Perempuan
C123: 3. | D123: Tempat dilahirkanl | F123: : | G123: 4 | H123: 1.RS/RB | L123: 2.Puskesmas | P123: 3.Polindes | T123: 4.Rumah | Y123: 5.Lainnya
C124: 4. | D124: Tempat Kelahiran | F124: : | G124: P | H124: E | I124: M | J124: A | K124: L | L124: A | M124: N | N124: G
C125: 5. | D125: Hari dan Tanggal lahir | F125: : | G125: Hari | I125: M | J125: I | K125: N | L125: G | M125: U | N125: U | P125: Tgl | R125: 0 | S125: 4 | U125: Bln | W125: 0 | X125: 3 | Z125: Thn | AB125: 2 | AC125: 0 | AD125: 1 | AE125: 8
C126: 6. | D126: Pukul | F126: : | G126: 1 | H126: 2 | I126: 3 | J126: 0
C127: 7. | D127: Jenis Kelahiran | F127: : | G127: 1. | H127: 1.Tunggal | L127: 2.Kembar 2 | P127: 3.Kembar 3 | T127: 4.Kembar 4 | Y127: 5.Lainnya
C128: 8. | D128: Kelahiran Ke | F128: : | G128: 1 | H128: 1. | I128: 2. | J128: 3. | K128: 4. | L128: .............................
C129: 9. | D129: Penolong Kelahhiran | F129: : | G129: 2 | H129: 1.Dokter | L129: 2.Bidan/Perawat | P129: 3.Dukun | T129: 4.Lainnya
C130: 10. | D130: Berat Bayi | F130: : | G130: 2 | H130: , | I130: 8 | J130: 0 | K130: Kg
C131: 11. | D131: Panjang Bayi | F131: : | G131: 4 | H131: 5 | I131: Cm
C133: IBU
C134: 1. | D134: NIK | F134: : | G134: 3 | H134: 3 | I134: 2 | J134: 7 | K134: 0 | L134: 4 | M134: 4 | N134: 6 | O134: 0 | P134: 6 | Q134: 9 | R134: 2 | S134: 0 | T134: 0 | U134: 0 | V134: 3
C135: 2. | D135: Nama Lengkap | F135: : | G135: b.Kecamatan | H135: A | I135: D | J135: R | K135: I | L135: Y | M135: A | N135: H
C136: 3. | D136: Tanggal lahir/Umur | F136: : | G136: Tgl | H136: 0 | I136: 6 | K136: Bln. | L136: 0 | M136: 6 | O136: Thn. | P136: 1 | Q136: 9 | R136: 9 | S136: 2 | U136: Umur | W136: 2 | X136: 6
C137: 4. | D137: Pekerjaan | F137: : | G137: 0 | H137: 2
C138: 5. | D138: Alamat | F138: :
G139: a.Desa/Kelurahan | L139: TAMBI | R139: c.Kab./Kota | V139: PEMALANG
G140: b.Kecamatan | L140: WATUKUMPUL | R140: d.Provinsi | V140: JAWA TENGAH
C141: 6. | D141: Kewarganegaraan | F141: : | G141: 1. | I141: 1.WNI | L141: 2.WNA
...

Sheet pindah datang
E1: a
T3: F.1 - 29
B6: PROVINSI | G6: : | H6: 3 | I6: 3 | M6: JAWA TENGAH
B8: KABUPATEN/KOTA | G8: : | H8: 2 | I8: 7 | M8: PEMALANG
B10: KECAMATAN | G10: : | H10: 4 | I10: 0 | M10: WATUKUMPUL
B12: DESA/KELURAHAN | G12: : | H12: 0 | I12: 1 | J12: 1 | M12: TAMBI
B14: DUSUN/DUKUH/KAMPUNG | G14: : | H14: DUSUN TAMBI
B16: SURAT KETERANGAN PINDAH WNI
B17: Antar Kecamatan Dalam Satu Kabupaten/Kota
B18: Nomor : 475.2 / 16/ X / 2024
B19: DATA DAERAH ASAL
B21: 1. | C21: Nomor Kartu Keluarga | H21: 3 | I21: 3 | J21: 2 | K21: 7 | L21: 0 | M21: 4 | N21: 0 | O21: 1 | P21: 0 | Q21: 8 | R21: 0 | S21: 7 | T21: 0 | U21: 0 | V21: 1 | W21: 7
B23: 2. | C23: Nama Kepala Keluarga | H23: TARSONO
B25: 3. | C25: Alamat | H25: TAMBI | P25: RT | Q25: 0 | R25: 0 | S25: 7 | T25: RW | U25: 0 | V25: 0 | W25: 2
H27: Dusun/Dukuh/Kampung | L27: TAMBI
C29: a. Desa/Kelurahan | H29: TAMBI | O29: c.Kab./Kota | R29: PEMALANG
C31: b. Kecamatan | H31: WATUKUMPUL | O31: d.Provinsi | R31: JAWA TENGAH
H33: Kode Pos | J33: 5 | K33: 2 | L33: 3 | M33: 5 | N33: 7 | P33: Telepon
B35: 4. | C35: NIK pemohon | H35: 3 | I35: 3 | J35: 2 | K35: 7 | L35: 0 | M35: 4 | N35: 1 | O35: 4 | P35: 0 | Q35: 5 | R35: 9 | S35: 9 | T35: 0 | U35: 0 | V35: 0 | W35: 2
B37: 5. | C37: Nama Lengkap | H37: IAN MASRURI
B40: DATA DAERAH TUJUAN
B42: 1. | C42: Status KK Bagi Yang Pindah | H42: 2 | I42: 1. Numpang KK 2.Membuat KK Baru 3.Nomor KK Tetap
B44: 2. | C44: Nomor Kartu Keluarga
B46: 3. | C46: NIK Kepala Keluarga | H46: 3 | I46: 3 | J46: 2 | K46: 7 | L46: 0 | M46: 4 | N46: 1 | O46: 4 | P46: 0 | Q46: 5 | R46: 9 | S46: 9 | T46: 0 | U46: 0 | V46: 0 | W46: 2
B48: 4. | C48: Nama Kepala Keluarga | H48: =H37 -> IAN MASRURI
B50: 5. | C50: Tanggal Kedatangan
B52: 6. | C52: Alamat | H52: BADAK | P52: RT | Q52: 0 | R52: 0 | S52: 1 | T52: RW | U52: 0 | V52: 0 | W52: 9
H54: Dusun/Dukuh/Kampung | L54: III (Tiga)
C56: a. Desa/Kelurahan | H56: BADAK | O56: c.Kab./Kota | R56: PEMALANG
C58: b.Kecamatan | H58: BELIK | O58: d.Provinsi | R58: JAWA TENGAH
B60: 7. | C60: Keluarga Yang Pindah
B62: No | C62: NIK | L62: NAMA | R62: MASA BERLAKU KTP S/D | U62: SHDK
B63: 1 | C63: 3327041405990002 | L63: IAN MASRURI | R63: 36294 | U63: ANAK
B64: 2
B65: 3
B66: 4
B67: 5
B68: 6
B69: 7
J72: Mengetahui; | R72: Tambi,31 Januari 2024
D73: Petugas Registrasi | J73: Kepala Desa Tambi | S73: Pemohon
D78: CHALIM MUCHTAROM | K78: JURI | Q78: =L63 -> IAN MASRURI
T97: F.1 - 31
B100: PROVINSI | G100: : | H100: 3 | I100: 3 | M100: JAWA TENGAH
B102: KABUPATEN/KOTA | G102: : | H102: 2 | I102: 7 | M102: PEMALANG
B104: KECAMATAN | G104: : | H104: 4 | I104: 0 | M104: WATUKUMPUL
B106: DESA/KELURAHAN | G106: : | H106: 0 | I106: 1 | J106: 1 | M106: TAMBI
B108: DUSUN/DUKUH/KAMPUNG | G108: : | H108: DUSUN TAMBI
B110: SURAT KETERANGAN PINDAH WNI
B111: Antar Kecamatan Dalam Satu Kabupaten/Kota
B112: Nomor : 475.2 / 36 / V / 2024
B113: DATA DAERAH ASAL
B115: 1. | C115: Nomor Kartu Keluarga | H115: 3 | I115: 3 | J115: 2 | K115: 7 | L115: 0 | M115: 4 | N115: 2 | O115: 7 | P115: 0 | Q115: 9 | R115: 0 | S115: 5 | T115: 2 | U115: 7 | V115: 5 | W115: 0
B117: 2. | C117: Nama Kepala Keluarga | H117: KASIRI
B119: 3. | C119: Alamat | P119: RT | Q119: 0 | R119: 0 | S119: 6 | T119: RW | U119: 0 | V119: 0 | W119: 1
H121: Dusun/Dukuh/Kampung | L121: TAMBI
C123: a. Desa/Kelurahan | H123: TAMBI | O123: c.Kab./Kota | R123: PEMALANG
C125: b. Kecamatan | H125: WATUKUMPUL | O125: d.Provinsi | R125: JAWA TENGAH
H127: Kode Pos | J127: 5 | K127: 2 | L127: 3 | M127: 5 | N127: 7 | P127: Telepon
B129: 4. | C129: NIK pemohon | H129: 3 | I129: 3 | J129: 2 | K129: 7 | L129: 0 | M129: 3 | N129: 0 | O129: 2 | P129: 0 | Q129: 3 | R129: 9 | S129: 7 | T129: 0 | U129: 0 | V129: 0 | W129: 8
B131: 5. | C131: Nama Lengkap | H131: SIGIT RIYANTO
B134: DATA DAERAH TUJUAN
B136: 1. | C136: Status KK Bagi Yang Pindah | H136: 1 | I136: 1. Numpang KK 2.Membuat KK Baru 3.Nomor KK Tetap
B138: 2. | C138: Nomor Kartu Keluarga | H138: 3 | I138: 3 | J138: 2 | K138: 7 | L138: 0 | M138: 3 | N138: 0 | O138: 3 | P138: 0 | Q138: 8 | R138: 0 | S138: 9 | T138: 0 | U138: 0 | V138: 4 | W138: 7
B140: 3. | C140: NIK Kepala Keluarga | H140: 3 | I140: 3 | J140: 2 | K140: 7 | L140: 0 | M140: 3 | N140: 1 | O140: 0 | P140: 0 | Q140: 1 | R140: 7 | S140: 5 | T140: 0 | U140: 0 | V140: 1 | W140: 0
B142: 4. | C142: Nama Kepala Keluarga | H142: =H131 -> SIGIT RIYANTO
B144: 5. | C144: Tanggal Kedatangan
B146: 6. | C146: Alamat | H146: DK.KOPI JEMI | P146: RT | Q146: 0 | R146: 0 | S146: 2 | T146: RW | U146: 0 | V146: 0 | W146: 9
H148: Dusun/Dukuh/Kampung | L148: DK.KOPI JEMI
C150: a. Desa/Kelurahan | H150: GUNUNGJAYA | O150: c.Kab./Kota | R150: PEMALANG
C152: b.Kecamatan | H152: BELIK | O152: d.Provinsi | R152: JAWA TENGAH
B154: 7. | C154: Keluarga Yang Pindah
B156: No | C156: NIK | L156: NAMA | R156: MASA BERLAKU KTP S/D | U156: SHDK
B157: 1 | C157: 3327030203970008 | L157: SIGIT RIYANTO | R157: 35491 | U157: Menantu
B158: 2
B159: 3
B160: 4
B161: 5
B162: 6
B163: 7
J166: Mengetahui; | R166: Tambi,6 Mei 2024
D167: Petugas Registrasi | J167: an.Kepala Desa / Kelurahan | S167: Pemohon
J168: SEKRETARIS DESA
D172: JULI SANTOSO | K172: SARYONO | Q172: =L157 -> SIGIT RIYANTO
T188: F.1 - 31
B191: PROVINSI | G191: : | H191: 3 | I191: 3 | M191: JAWA TENGAH
B193: KABUPATEN/KOTA | G193: : | H193: 2 | I193: 7 | M193: PEMALANG
B195: KECAMATAN | G195: : | H195: 4 | I195: 0 | M195: WATUKUMPUL
B197: DESA/KELURAHAN | G197: : | H197: 0 | I197: 1 | J197: 1 | M197: TAMBI
B199: DUSUN/DUKUH/KAMPUNG | G199: : | H199: DUSUN TAMBI
B201: SURAT KETERANGAN PINDAH WNI
B202: Antar Kecamatan Dalam Satu Kabupaten/Kota
B203: Nomor : 475.2 / 415/ XII / 2023
B204: DATA DAERAH ASAL
B206: 1. | C206: Nomor Kartu Keluarga | H206: 3 | I206: 3 | J206: 2 | K206: 7 | L206: 0 | M206: 4 | N206: 1 | O206: 6 | P206: 1 | Q206: 0 | R206: 2 | S206: 0 | T206: 0 | U206: 0 | V206: 0 | W206: 4
B208: 2. | C208: Nama Kepala Keluarga | H208: SEFUDIN
B210: 3. | C210: Alamat | H210: TAMBI | P210: RT | Q210: 0 | R210: 0 | S210: 8 | T210: RW | U210: 0 | V210: 0 | W210: 2
H212: Dusun/Dukuh/Kampung | L212: TAMBI
C214: a. Desa/Kelurahan | H214: TAMBI | O214: c.Kab./Kota | R214: PEMALANG
C216: b. Kecamatan | H216: WATUKUMPUL | O216: d.Provinsi | R216: JAWA TENGAH
...

Sheet PENG NU
B1: SUSUNAN PENGURUS RANTING NU TAMBI
B2: MWC WATUKUMPUL 1
B3: MASA KHIDMAT TAHUN 2019 - 2024
B5: I. | C5: MUHTASYAR | D5: : | E5: 1.Bp.SUTONO ,BA
E6: 2.Bp.TARYO HADI PRANOTO
E7: 3.Bp.JURI
B9: II. | C9: SURIYAH | D9: :
C10: Rais | E10: 1.Ky.NASIRUDIN
C11: Wakil Rais | E11: 2.KH.A.KARNOTO
C12: Wakil Rais | E12: 3.Ky.MUSTOFA
C13: Wakil Rais | E13: 4.Ust.ROHMAT HIDAYAT
B15: III. | C15: KATIB | D15: : | E15: 1.SARYONO
C16: Wakil Katib | E16: 2.IMAM SHOLEH,S.Pd
C17: Wakil Katib | E17: 3.Ust.WAHURI
C18: Wakil Katib | E18: 4.ABD KHALIM
B20: IV. | C20: A'WAN | D20: : | E20: 1.M.DAIMAN
E21: 2.EKO PUJIANTO
E22: 3.WALUYO
E23: 4.ALI MUSTAKIM
E24: 5.IMAM ROFI'I
B26: V. | C26: TANFIDZIYAH | D26: :
C27: Ketua | D27: : | E27: Ust.A.ROHIM
C28: Wakil Ketua | D28: : | E28: Ust.ABD.HOPUR
C29: Sekretaris | D29: : | E29: SRIYONO
C30: Wakil Sekretaris | D30: : | E30: MUNASROH
C31: Bendahara | D31: : | E31: IMAM ABDUL MUFTI
C32: Wakil Bendahara | D32: : | E32: JULI SANTOSO
B62: SUSUNAN LEMBAGA RANTING NU TAMBI
B63: MWC WATUKUMPUL 1
B64: MASA KHIDMAT TAHUN 2019 - 2024
B67: I. | C67: Lembaga Dakwah NU (LDNU) | D67: : | E67: 1.Ust.AKHMAD ROMADI,S.Pd.
E68: 2.Ust.ALI MUSTAKIM
E69: 3.Ust.KHOIRUL DAWAM
B71: II. | C71: Lembaga Perekonomian | D71: : | E71: 1. Ust.ROHMAT HIDAYAT
E72: 2.Ust. SUHARNO
E73: 3.NURUDIN
B76: III. | C76: Lembaga Pendidikan Ma'arif | D76: : | E76: 1.Ust.CHALIM MUCHTAROM,S.Pdi
E77: 2.Ust.FASIUL ROZAK
B80: IV. | C80: Lembaga Bahtsul Masail dan Wakaf | D80: : | E80: 1.
C81: (LBMNU ) | E81: 2.
E82: 3.
B84: V. | C84: Lembaga Pengembangan Pertanian | D84: : | E84: 1.
E85: 2.
E86: 3.
B88: VI. | C88: Lembaga Zakat NU (LAZISNU) | D88: : | E88: 1.
E89: 2.
E90: 3.
B92: VII. | C92: Lembaga Takmir | D92: : | E92: 1.
E93: 2.
E94: 3.
B96: VIII. | C96: Lembaga Seni Budaya Muslimin Indonesia | D96: : | E96: 1.
C97: (LESBUMI) | E97: 2.
E98: 3.
B100: IX. | C100: Lembaga Sosial | D100: : | E100: 1. H.TAID NUROKIB
E101: 2. SUYITNO
E102: 3. ALI KHUSNI
B126: SUSUNAN PENGURUS ANSOR RANTING NU TAMBI
B127: MWC WATUKUMPUL 1
B128: MASA KHIDMAT TAHUN 2019 - 2024
B130: I. | C130: DEWAN PENASEHAT | D130: : | E130: 1.PENGURUS RANTING NU TAMBI
E131: 2.Ust.A.ROHIM
E132: 3.Ust.ABD.HOPUR
B134: II. | C134: PENGURUS HARIAN | D134: :
C135: Ketua I | D135: : | E135: UNTUNG FUJIANTO,S.Kom
C136: Ketua II | D136: : | E136: CHOLID
C137: Sekretaris I | D137: : | E137: CHALIM MUCHTAROM,S.Pdi
C138: Sekretaris II | D138: : | E138: SALIMIN
C139: Sekretaris III | D139: : | E139: MUSTAFID
C140: Bendahara I | D140: : | E140: SUYITNO
C141: Bendahara II | D141: : | E141: ALI KHUSNI
C142: Bendahara III | D142: : | E142: FASIUL ROZAK
B144: III. | C144: DEPARTEMEN-DEPARTEMEN | D144: :
B145: a. | C145: Departemen Pendidikan | D145: : | E145: 1.CAHYONO
E146: 2.SRIYONO
B148: b. | C148: Departemen Informasi,Iptek dan Humas | D148: : | E148: 1.KHARIS
E149: 2.KASRIN
E150: 3.KHOTIM
B152: c. | C152: Departemen ekonomi, olahraga dan kebudayaan | D152: : | E152: 1.KUJEN
E153: 2.TOHARUN
B155: IV. | C155: FATAYAT | D155: :
C156: Ketua | D156: : | E156: DAMIRAH
C157: Wakil Ketua | D157: : | E157: ROMA KULSUM
C158: Sekretaris | D158: : | E158: MAISATUL FADLILLAH
C159: Wakil Sekretaris | D159: : | E159: BADRIYAH
C160: Bendahara | D160: : | E160: APRILIA LINDAYANI
C161: Wakil Bendahara | D161: : | E161: SITI MUZAROH
B163: V. | C163: MUSLIMAT | D163: :
C164: Ketua | D164: : | E164: SITI SOWEBAH
C165: Wakil Ketua | D165: : | E165: SITI ROKHIMAH
C166: Sekretaris | D166: : | E166: SUJIROH
C167: Wakil Sekretaris | D167: : | E167: MUINAH
C168: Bendahara | D168: : | E168: JAMILAH
C169: Wakil Bendahara | D169: : | E169: TOYIBAH
B171: VI. | C171: IPNU & IPPNU | D171: :
C172: Ketua | D172: : | E172: MISBAHUL MUNIR
C173: Wakil Ketua | D173: : | E173: MA'MUR
C174: Sekretaris | D174: : | E174: RIZAL FAHMI
C175: Wakil Sekretaris | D175: : | E175: A.FAUZI
C176: Bendahara | D176: : | E176: FATHUL AZIZ
C177: Wakil Bendahara | D177: : | E177: MUHAMAD HANIF

Sheet Surat Pengantar Pindah
H2: F.1-32
B4: SURAT PENGANTAR PINDAH
B5: ANTAR KABUPATEN/KOTA ATAU ANTAR PROVINSI
B7: Nomor : 475.2 /27 / IV / 2024
C10: Yang bertanda tangan dibawah ini,menerangkan Permohonan
B11: Pindah WNI dengan data sebagai berikut :
B13: 1. | C13: NIK | E13: : | F13: '3327040307960004
B15: 2. | C15: Nama Lengkap | E15: : | F15: DARTO
B17: 3. | C17: Nama Kartu Keluarga | E17: : | F17: 3327040202110009
B19: 4. | C19: Nama Kepala Keluarga | E19: : | F19: MUSERI
B21: 5. | C21: Alamat Sekarang | E21: : | F21: RT 009 RW 002 Desa Tambi
F22: Kec. Watukumpul Kab.Pemalang
B24: 6. | C24: Alamat Tujuan Pindah | E24: : | F24: RT 004/RW 002
F25: DESA SIRAU KECAMATAN KARANGMONCOL
F26: KAB.PURBALINGGA,PROV.JAWA TENGAH
B28: 7. | C28: Jumlah Keluarga Yang Pindah | E28: : | F28: 1 (satu) | G28: Orang
B30: Adapun Permohonan Pindah Penduduk WNI yang bersangkutan
B31: sebagaimana terlampir.
C33: Demikian Surat Pengantar Pindah ini dibuat agar digunakan
B34: sebagaimana mestinya.
E39: Tambi,23 April 2024
E41: a.n.Kepala Desa Tambi
E42: SEKRETARIS DESA
E46: SARYONO
H64: F.1-33
B66: SURAT PENGANTAR PINDAH
B67: ANTAR KABUPATEN/KOTA ATAU ANTAR PROVINSI
B69: Nomor : 475.2 /417 / XlI / 2023
C72: Yang bertanda tangan dibawah ini,menerangkan Permohonan
B73: Pindah WNI dengan data sebagai berikut :
B75: 1. | C75: NIK | E75: : | F75: 3327044111950003
B77: 2. | C77: Nama Lengkap | E77: : | F77: INDAH YUNI SAEVILAH
B79: 3. | C79: Nama Kartu Keluarga | E79: : | F79: 3327041908070040
B81: 4. | C81: Nama Kepala Keluarga | E81: : | F81: JUNAEDI
B83: 5. | C83: Alamat Sekarang | E83: : | F83: RT 006 RW 001 Desa Tambi
F84: Kec.Watukumpul Kab.Pemalang
B86: 6. | C86: Alamat Tujuan Pindah | E86: : | F86: GEDANGAN RT 003 /RW
F87: DESA PANJANGREJO KEC.PUNDONG KAB.BANTUL,
F88: Prov.DAERAH ISTIMEWA YOGYAKARTA
B90: 7. | C90: Jumlah Keluarga Yang Pindah | E90: : | F90: 1 (Satu) | G90: Orang
B92: Adapun Permohonan Pindah Penduduk WNI yang bersangkutan
B93: sebagaimana terlampir.
C95: Demikian Surat Pengantar Pindah ini dibuat agar digunakan
B96: sebagaimana mestinya.
E101: Tambi,28 Desember 2023
E103: a.n.Kepala Desa Tambi
E104: SEKRETARIS DESA
E108: SARYONO
H157: F.1-33
B159: SURAT PENGANTAR PINDAH
B160: ANTAR KABUPATEN/KOTA ATAU ANTAR PROVINSI
B162: Nomor : 475.2 /177 / VI / 2023
C165: Yang bertanda tangan dibawah ini,menerangkan Permohonan
B166: Pindah WNI dengan data sebagai berikut :
B168: 1. | C168: NIK | E168: : | F168: 3303174408960001
B170: 2. | C170: Nama Lengkap | E170: : | F170: MISWATI
B172: 3. | C172: Nama Kartu Keluarga | E172: : | F172: 3327042405220002
B174: 4. | C174: Nama Kepala Keluarga | E174: : | F174: KASROH
B176: 5. | C176: Alamat Sekarang | E176: : | F176: RT 011 RW 002 Desa Tambi
F177: Kec.Watukumpul Kab.Pemalang
B179: 6. | C179: Alamat Tujuan Pindah | E179: : | F179: SANGUWATANG RT 007/ RW 002
F180: Kec.Karangjambu Kab.Purbalingga ,
F181: Prov.Jawa Tengah
B183: 7. | C183: Jumlah Keluarga Yang Pindah | E183: : | F183: 1 (satu) | G183: Orang
B185: Adapun Permohonan Pindah Penduduk WNI yang bersangkutan
B186: sebagaimana terlampir.
C188: Demikian Surat Pengantar Pindah ini dibuat agar digunakan
B189: sebagaimana mestinya.
E194: Tambi,12Juni 2023
E196: Kepala Desa Tambi
E201: J U R I
H209: F.1-33
B211: SURAT PENGANTAR PINDAH
B212: ANTAR KABUPATEN/KOTA ATAU ANTAR PROVINSI
B214: Nomor : 475.2 /36/ lll / 2020
C217: Yang bertanda tangan dibawah ini,menerangkan Permohonan
B218: Pindah WNI dengan data sebagai berikut :
B220: 1. | C220: NIK | E220: : | F220: 3313092003900002
B222: 2. | C222: Nama Lengkap | E222: : | F222: MARYANTO
B224: 3. | C224: Nama Kartu Keluarga | E224: : | F224: 3376020801200003
B226: 4. | C226: Nama Kepala Keluarga | E226: : | F226: MARYANTO
B228: 5. | C228: Alamat Sekarang | E228: : | F228: Jl.Panggung Timur RT 009 RW 005
F229: Kelurahan Panggung Kota Tegal
B231: 6. | C231: Alamat Tujuan Pindah | E231: : | F231: RT 006 RW 001 Desa Tambi
F232: Kec. Watukumpul Kab.Pemalang
B234: 7. | C234: Jumlah Keluarga Yang Pindah | E234: : | F234: 1 (satu) | G234: Orang
B236: Adapun Permohonan Pindah Penduduk WNI yang bersangkutan
B237: sebagaimana terlampir.
C239: Demikian Surat Pengantar Pindah ini dibuat agar digunakan
B240: sebagaimana mestinya.
E245: Tambi,2 Maret 2020
E247: a.n.Kepala Desa Tambi
E248: SEKRETARIS DESA
E252: SARYONO

Sheet Sheet6

Sheet Sheet4
